sim_stamp_s,wall_monotonic_s,linear_x_mps,linear_y_mps,angular_z_rps
1787850366.003429890,40896.293042946,-0.012083423,0.000000000,-0.008779278
1787850366.103010416,40896.392605836,-0.022387365,0.000000000,-0.026535911
1787850366.203265429,40896.492850244,-0.032921538,0.000000000,-0.045511760
1787850366.302961111,40896.592532215,-0.041942917,0.000000000,-0.065781958
1787850366.402866602,40896.692447349,-0.049393505,0.000000000,-0.086775996
1787850366.502962589,40896.792543225,-0.055400055,0.000000000,-0.107466862
1787850366.603000164,40896.892583929,-0.060054857,0.000000000,-0.126841947
1787850366.702927351,40896.992491360,-0.063880868,0.000000000,-0.144472703
1787850366.803436041,40897.093014652,-0.067127191,0.000000000,-0.160205215
1787850366.903221130,40897.192788779,-0.070160866,0.000000000,-0.173939854
1787850367.003343582,40897.292935298,-0.072477892,0.000000000,-0.185264379
1787850367.103282452,40897.392869547,-0.074666038,0.000000000,-0.194373056
1787850367.203229427,40897.492812153,-0.076858319,0.000000000,-0.201503754
1787850367.303087473,40897.592671964,-0.079030387,0.000000000,-0.207204819
1787850367.403123140,40897.692709772,-0.081254594,0.000000000,-0.211873204
1787850367.503199339,40897.792796142,-0.083340764,0.000000000,-0.216084436
1787850367.603178740,40897.892777265,-0.085245140,0.000000000,-0.220262781
1787850367.703179598,40897.992765801,-0.087062217,0.000000000,-0.224573642
1787850367.803060055,40898.092644106,-0.087875769,0.000000000,-0.229068622
1787850367.903228760,40898.192809774,-0.088458106,0.000000000,-0.233958825
1787850368.002950668,40898.292521355,-0.088907093,0.000000000,-0.239059716
1787850368.103119612,40898.392714391,-0.089303158,0.000000000,-0.244295970
1787850368.203110933,40898.492706999,-0.089645639,0.000000000,-0.249468744
1787850368.303119659,40898.592714353,-0.090000652,0.000000000,-0.254241914
1787850368.403150797,40898.692734763,-0.091339715,0.000000000,-0.258600563
1787850368.503199339,40898.792786141,-0.092630193,0.000000000,-0.262378752
1787850368.603263378,40898.892846444,-0.093879178,0.000000000,-0.265441358
1787850368.703335762,40898.992918367,-0.094839916,0.000000000,-0.267925352
1787850368.803063869,40899.092656354,-0.095591091,0.000000000,-0.269817322
1787850368.903131485,40899.192717151,-0.096086316,0.000000000,-0.271351397
1787850369.003031969,40899.292616686,-0.096385591,0.000000000,-0.272545308
1787850369.103170156,40899.392766436,-0.096469827,0.000000000,-0.273642659
1787850369.203028679,40899.492627187,-0.096381590,0.000000000,-0.274677694
1787850369.303143501,40899.592727924,-0.096119508,0.000000000,-0.275905788
1787850369.403167963,40899.692748445,-0.095697165,0.000000000,-0.277456909
1787850369.503144979,40899.792727857,-0.095141143,0.000000000,-0.279361367
1787850369.603235245,40899.892837962,-0.094453350,0.000000000,-0.281481236
1787850369.703219891,40899.992801653,-0.093665838,0.000000000,-0.283932865
1787850369.803067207,40900.092641491,-0.094811715,0.000000000,-0.286391228
1787850369.903294325,40900.192889750,-0.095832944,0.000000000,-0.289286166
1787850370.003221750,40900.292814960,-0.096608691,0.000000000,-0.292756677
1787850370.103286982,40900.392886026,-0.096750975,0.000000000,-0.296794891
1787850370.203089476,40900.492690267,-0.096451089,0.000000000,-0.301489621
1787850370.303064585,40900.592640942,-0.095599025,0.000000000,-0.306803763
1787850370.403416634,40900.693011695,-0.094442658,0.000000000,-0.312830269
1787850370.503005505,40900.792588642,-0.095763817,0.000000000,-0.319015890
1787850370.603036404,40900.892626855,-0.096804000,0.000000000,-0.325952917
1787850370.703143835,40900.992739521,-0.097180486,0.000000000,-0.333598405
1787850370.803127527,40901.092712342,-0.096818820,0.000000000,-0.342034250
1787850370.903249502,40901.192844566,-0.095915847,0.000000000,-0.351177156
1787850371.003209591,40901.292802247,-0.094349369,0.000000000,-0.360901952
1787850371.103224993,40901.392824593,-0.092533790,0.000000000,-0.371128410
1787850371.203206539,40901.492788537,-0.090543181,0.000000000,-0.381843776
1787850371.303153992,40901.592749819,-0.088123053,0.000000000,-0.393033564
1787850371.403323889,40901.692923149,-0.085749343,0.000000000,-0.404780328
1787850371.503118038,40901.792699881,-0.083372362,0.000000000,-0.417090893
1787850371.603286982,40901.892880778,-0.078235827,0.000000000,-0.430205733
1787850371.703225613,40901.992812483,-0.073359065,0.000000000,-0.443667263
1787850371.803343058,40902.092930600,-0.069376737,0.000000000,-0.457280964
1787850371.903250217,40902.192839520,-0.065512687,0.000000000,-0.471096367
1787850372.003159523,40902.292755487,-0.059838559,0.000000000,-0.485023379
1787850372.103174686,40902.392774016,-0.054683488,0.000000000,-0.498984098
1787850372.203371525,40902.492957358,-0.047433000,0.000000000,-0.513081312
1787850372.303335905,40902.592940183,-0.041013658,0.000000000,-0.527389050
1787850372.403136969,40902.692720629,-0.035036318,0.000000000,-0.541828990
1787850372.503073215,40902.792655473,-0.027905595,0.000000000,-0.556083798
1787850372.603144884,40902.892727598,-0.021106159,0.000000000,-0.570132971
1787850372.703246832,40902.992828451,-0.012978148,0.000000000,-0.583653450
1787850372.803246498,40903.092845025,-0.005723705,0.000000000,-0.597077906
1787850372.903191090,40903.192778811,0.002685190,0.000000000,-0.609945893
1787850373.003190994,40903.292781347,0.028653173,0.000000000,-0.598742485
1787850373.103264332,40903.392855723,0.052671362,0.000000000,-0.581997812
1787850373.203134537,40903.492724799,0.073479280,0.000000000,-0.563318968
1787850373.303141832,40903.592743813,0.089808494,0.000000000,-0.545697391
1787850373.403255463,40903.692852294,0.102622040,0.000000000,-0.529915750
1787850373.503184557,40903.792785365,0.113642238,0.000000000,-0.515166938
1787850373.603103161,40903.892691866,0.123562485,0.000000000,-0.501323879
1787850373.703156233,40903.992740946,0.132221177,0.000000000,-0.488417298
1787850373.803276539,40904.092879702,0.140335128,0.000000000,-0.475885242
1787850373.903393745,40904.192978802,0.147612184,0.000000000,-0.464187056
1787850374.003252268,40904.292853507,0.152190253,0.000000000,-0.455983490
1787850374.103268862,40904.392861930,0.152178928,0.000000000,-0.447309822
1787850374.203186274,40904.492769065,0.152931690,0.000000000,-0.437518537
1787850374.303151846,40904.592731582,0.149321586,0.000000000,-0.424932361
1787850374.403175354,40904.692758735,0.144337490,0.000000000,-0.404276699
1787850374.503176212,40904.792773675,0.141969979,0.000000000,-0.380649537
1787850374.603677273,40904.893276486,0.140147731,0.000000000,-0.355611354
1787850374.703269720,40904.992871793,0.137658983,0.000000000,-0.328294098
1787850374.803154707,40905.092740408,0.136262268,0.000000000,-0.305155933
1787850374.903107166,40905.192700980,0.135120630,0.000000000,-0.289068460
1787850375.003180981,40905.292775249,0.133297652,0.000000000,-0.272408485
1787850375.103303432,40905.392886377,0.130790368,0.000000000,-0.255617142
1787850375.203220844,40905.492801003,0.127593040,0.000000000,-0.239205152
1787850375.303359509,40905.592962966,0.121860556,0.000000000,-0.225639164
1787850375.403289557,40905.692866894,0.125870824,0.000000000,-0.195337832
1787850375.503147602,40905.792719971,0.131461084,0.000000000,-0.166283160
1787850375.603037834,40905.892608838,0.135043591,0.000000000,-0.134705007
1787850375.703121424,40905.992691510,0.137399599,0.000000000,-0.103621222
1787850375.803170443,40906.092738875,0.139166981,0.000000000,-0.073248632
1787850375.903089523,40906.192671639,0.140099421,0.000000000,-0.045845672
1787850376.003308773,40906.292902129,0.140445784,0.000000000,-0.022715718
1787850376.103343964,40906.392950533,0.139737472,0.000000000,-0.002976883
1787850376.203258991,40906.492854509,0.138103977,0.000000000,0.014708026
1787850376.303318977,40906.592912110,0.136137947,0.000000000,0.032327201
1787850376.403094530,40906.692676033,0.133813187,0.000000000,0.047407709
1787850376.503211260,40906.792811634,0.131312475,0.000000000,0.059907708
1787850376.603181124,40906.892770429,0.128410071,0.000000000,0.072370738
1787850376.703134060,40906.992716683,0.118258335,0.000000000,0.094381213
1787850376.803223848,40907.092807852,0.109028541,0.000000000,0.122706249
1787850376.903295040,40907.192884344,0.107585691,0.000000000,0.134997651
1787850377.003253460,40907.292836277,0.107818536,0.000000000,0.140784234
1787850377.103348732,40907.392949890,0.107666664,0.000000000,0.143692255
1787850377.203228712,40907.492821020,0.106791466,0.000000000,0.144842207
1787850377.303244829,40907.592842446,0.105629854,0.000000000,0.145495236
1787850377.403294325,40907.692880970,0.103898853,0.000000000,0.145540386
1787850377.503132105,40907.792713460,0.102668256,0.000000000,0.143870190
1787850377.603264809,40907.892863419,0.099788465,0.000000000,0.141604453
1787850377.703226805,40907.992809833,0.097618908,0.000000000,0.138445064
1787850377.803472281,40908.093057920,0.094344810,0.000000000,0.136635438
1787850377.903398752,40908.193003763,0.091342241,0.000000000,0.134309530
1787850378.003253937,40908.292840372,0.088165171,0.000000000,0.132624596
1787850378.103317976,40908.392902968,0.084025197,0.000000000,0.132296145
1787850378.203668594,40908.493264199,0.081576347,0.000000000,0.132657900
1787850378.303250790,40908.592831611,0.078631073,0.000000000,0.133795366
1787850378.403160334,40908.692734066,0.076097265,0.000000000,0.134635806
1787850378.503169775,40908.792738378,0.073617250,0.000000000,0.134457141
1787850378.603186607,40908.892754841,0.071725860,0.000000000,0.136268631
1787850378.703033686,40908.992602050,0.069603220,0.000000000,0.138414696
1787850378.803137302,40909.092708871,0.067720637,0.000000000,0.139738843
1787850378.903168678,40909.192737604,0.065642737,0.000000000,0.141581878
1787850379.003117085,40909.292685397,0.063793518,0.000000000,0.144888446
1787850379.103222370,40909.392793008,0.061777718,0.000000000,0.147011966
1787850379.203075647,40909.492645822,0.059409644,0.000000000,0.148410365
1787850379.303133488,40909.592706274,0.057397425,0.000000000,0.151069671
1787850379.403274059,40909.692851828,0.055342615,0.000000000,0.153301939
1787850379.503250837,40909.792844063,0.053255565,0.000000000,0.154642642
1787850379.603240252,40909.892840616,0.051476471,0.000000000,0.156047538
1787850379.703128099,40909.992729958,0.049520683,0.000000000,0.157705605
1787850379.803379297,40910.092982862,0.047782373,0.000000000,0.160618305
1787850379.903135777,40910.192731556,0.046646453,0.000000000,0.162353545
1787850380.003422976,40910.293013955,0.045361452,0.000000000,0.164231300
1787850380.103367329,40910.392966777,0.044127829,0.000000000,0.165874466
1787850380.203444242,40910.493031533,0.043041572,0.000000000,0.167432278
1787850380.303316116,40910.592908586,0.041989807,0.000000000,0.170473218
1787850380.403220654,40910.692819236,0.041061580,0.000000000,0.172648177
1787850380.503522396,40910.793118996,0.039461266,0.000000000,0.175866768
1787850380.603507042,40910.893105249,0.038581252,0.000000000,0.177950770
1787850380.703250885,40910.992849835,0.036335453,0.000000000,0.180176735
1787850380.803235054,40911.092831657,0.035538029,0.000000000,0.182689562
1787850380.903305054,40911.192886480,0.033594280,0.000000000,0.184975609
1787850381.003372431,40911.292968240,0.032268181,0.000000000,0.188422620
1787850381.103342056,40911.392931335,0.030748436,0.000000000,0.190982684
1787850381.203095198,40911.492678815,0.029825853,0.000000000,0.193543062
1787850381.303278685,40911.592875852,0.029158752,0.000000000,0.196691602
1787850381.403195381,40911.692787147,0.028444245,0.000000000,0.198441401
1787850381.503298044,40911.792879955,0.027700841,0.000000000,0.201420233
1787850381.603290319,40911.892877158,0.027159426,0.000000000,0.203234002
1787850381.703388929,40911.992973111,0.026932687,0.000000000,0.206421658
1787850381.803284407,40912.092869509,0.027241129,0.000000000,0.207759395
1787850381.903609037,40912.193206846,0.027122660,0.000000000,0.210200757
1787850382.003346205,40912.292935098,0.027469458,0.000000000,0.212177217
1787850382.103236198,40912.392805329,0.027069932,0.000000000,0.214838594
1787850382.203145266,40912.492724211,0.027356576,0.000000000,0.219991699
1787850382.303397417,40912.593001506,0.026720069,0.000000000,0.224726662
1787850382.403310776,40912.692918189,0.026200050,0.000000000,0.228977159
1787850382.503330469,40912.792901885,0.024897125,0.000000000,0.232016429
1787850382.603563309,40912.893143712,0.023647394,0.000000000,0.235449836
1787850382.703356981,40912.992961006,0.026342399,0.000000000,0.239649475
1787850382.803435087,40913.093035825,0.028958548,0.000000000,0.248246655
1787850382.903406620,40913.192985543,0.033346478,0.000000000,0.262849927
1787850383.003313065,40913.292893222,0.042276405,0.000000000,0.276734918
1787850383.103264570,40913.392839524,0.054439291,0.000000000,0.285871059
1787850383.203402758,40913.492987009,0.066449836,0.000000000,0.296948552
1787850383.303151846,40913.592724781,0.079990178,0.000000000,0.299570292
1787850383.403220177,40913.692791394,0.087527521,0.000000000,0.302490473
1787850383.503176928,40913.792746702,0.097487479,0.000000000,0.303494692
1787850383.603190899,40913.892774337,0.108912975,0.000000000,0.298313349
1787850383.703155756,40913.992738893,0.122129992,0.000000000,0.288564891
1787850383.803660631,40914.093245589,0.133780807,0.000000000,0.275445908
1787850383.903341532,40914.192934385,0.144238621,0.000000000,0.259751946
1787850384.003368139,40914.292951638,0.152689502,0.000000000,0.242636710
1787850384.103225946,40914.392807626,0.159362063,0.000000000,0.224164501
1787850384.203297138,40914.492875708,0.164731413,0.000000000,0.208089203
1787850384.303282738,40914.592890613,0.168765157,0.000000000,0.191620827
1787850384.403341055,40914.692923362,0.171735808,0.000000000,0.173178613
1787850384.503401756,40914.792985217,0.174130350,0.000000000,0.153408527
1787850384.603258371,40914.892854468,0.176405624,0.000000000,0.130231559
1787850384.703480482,40914.993070522,0.178288415,0.000000000,0.106659427
1787850384.803223133,40915.092791516,0.180072859,0.000000000,0.080615088
1787850384.903379917,40915.192950652,0.181716979,0.000000000,0.056036513
1787850385.003105164,40915.292677174,0.183488920,0.000000000,0.031675063
1787850385.103262901,40915.392848680,0.183736339,0.000000000,0.006781427
1787850385.203119040,40915.492689409,0.183307350,0.000000000,-0.016261889
1787850385.303172827,40915.592745941,0.182728291,0.000000000,-0.035997979
1787850385.403294563,40915.692863206,0.179320514,0.000000000,-0.055689134
1787850385.503461123,40915.793040484,0.176144257,0.000000000,-0.075581603
1787850385.603375435,40915.892947400,0.176819116,0.000000000,-0.089859955
1787850385.703361273,40915.992937579,0.177851111,0.000000000,-0.100622356
1787850385.803264141,40916.092853467,0.174174741,0.000000000,-0.112986602
1787850385.903365850,40916.192971390,0.169618890,0.000000000,-0.125118792
1787850386.003455639,40916.293054643,0.165832356,0.000000000,-0.137545705
1787850386.103308916,40916.392911511,0.163114175,0.000000000,-0.150608897
1787850386.203304529,40916.492906741,0.161084056,0.000000000,-0.163975224
1787850386.303374767,40916.592969530,0.159777433,0.000000000,-0.176912218
1787850386.403706551,40916.693304392,0.165220439,0.000000000,-0.181917578
1787850386.503322601,40916.792916892,0.170944273,0.000000000,-0.183243781
1787850386.603294611,40916.892871312,0.169176325,0.000000000,-0.188265115
1787850386.703368664,40916.992971007,0.165321112,0.000000000,-0.194626480
1787850386.803698063,40917.093294954,0.161239028,0.000000000,-0.202593386
1787850386.903372765,40917.192975220,0.159132913,0.000000000,-0.210728705
1787850387.003347397,40917.292944716,0.157982707,0.000000000,-0.219193488
1787850387.103371859,40917.392965192,0.157454193,0.000000000,-0.227663606
1787850387.203362703,40917.492948341,0.157633767,0.000000000,-0.235718876
1787850387.303372622,40917.592971187,0.157942981,0.000000000,-0.243707299
1787850387.403318167,40917.692905973,0.158416107,0.000000000,-0.251424938
1787850387.503385305,40917.792982542,0.159586117,0.000000000,-0.258216947
1787850387.603538275,40917.893125420,0.160922915,0.000000000,-0.264523149
1787850387.703359604,40917.992957060,0.162363946,0.000000000,-0.270293087
1787850387.803391695,40918.092974706,0.164337441,0.000000000,-0.275062591
1787850387.903536797,40918.193140522,0.166554525,0.000000000,-0.279308498
1787850388.003422976,40918.293030059,0.168477893,0.000000000,-0.283510208
1787850388.103419304,40918.393023720,0.170949146,0.000000000,-0.287016243
1787850388.203377962,40918.492979025,0.172868103,0.000000000,-0.290926278
1787850388.303275585,40918.592856862,0.175942361,0.000000000,-0.293692976
1787850388.403280973,40918.692862149,0.178783461,0.000000000,-0.296721816
1787850388.503645658,40918.793246623,0.182579428,0.000000000,-0.298757285
1787850388.603339434,40918.892915568,0.186255619,0.000000000,-0.301004827
1787850388.703227282,40918.992805947,0.189373702,0.000000000,-0.303703219
1787850388.803171396,40919.092749819,0.192977354,0.000000000,-0.305568606
1787850388.903738976,40919.193344290,0.197705626,0.000000000,-0.305707932
1787850389.003428936,40919.293008714,0.202210084,0.000000000,-0.305877209
1787850389.103383064,40919.392965306,0.207833037,0.000000000,-0.304259777
1787850389.203364134,40919.492945673,0.212707788,0.000000000,-0.303419054
1787850389.303394794,40919.592990898,0.218634352,0.000000000,-0.300587356
1787850389.403354406,40919.692945021,0.225030884,0.000000000,-0.296505958
1787850389.503299475,40919.792896354,0.232215181,0.000000000,-0.290469497
1787850389.603373051,40919.892982464,0.240059257,0.000000000,-0.282344103
1787850389.703223228,40919.992819946,0.248441935,0.000000000,-0.271826863
1787850389.803654432,40920.093250182,0.256870955,0.000000000,-0.259472996
1787850389.903735876,40920.193340656,0.260000000,0.000000000,-0.244950145
1787850390.003382444,40920.292967541,0.260000000,0.000000000,-0.231673285
1787850390.103509426,40920.393094242,0.260000000,0.000000000,-0.217367023
1787850390.203348398,40920.492933171,0.260000000,0.000000000,-0.204184234
1787850390.303323030,40920.592893967,0.260000000,0.000000000,-0.189946294
1787850390.403545141,40920.693130170,0.260000000,0.000000000,-0.177093580
1787850390.503373384,40920.792967623,0.260000000,0.000000000,-0.167340726
1787850390.603382349,40920.892981301,0.260000000,0.000000000,-0.159270480
1787850390.703330755,40920.992932767,0.260000000,0.000000000,-0.144840091
1787850390.803587437,40921.093166475,0.260000000,0.000000000,-0.134437025
1787850390.903284788,40921.192877211,0.260000000,0.000000000,-0.124389037
1787850391.003697157,40921.293294103,0.260000000,0.000000000,-0.108054288
1787850391.103312492,40921.392899177,0.260000000,0.000000000,-0.099892758
1787850391.203288317,40921.492864047,0.260000000,0.000000000,-0.084982254
1787850391.303398371,40921.592973817,0.260000000,0.000000000,-0.075886734
1787850391.403197289,40921.692782810,0.260000000,0.000000000,-0.067976952
1787850391.503391743,40921.792972783,0.260000000,0.000000000,-0.064143419
1787850391.603491068,40921.893065771,0.260000000,0.000000000,-0.060535517
1787850391.703302383,40921.992874601,0.260000000,0.000000000,-0.058089688
1787850391.803333521,40922.092906306,0.260000000,0.000000000,-0.059730437
1787850391.903317451,40922.192893814,0.260000000,0.000000000,-0.062140577
1787850392.003353596,40922.292926568,0.260000000,0.000000000,-0.061903108
1787850392.103401423,40922.392983759,0.260000000,0.000000000,-0.058259718
1787850392.203266382,40922.492836954,0.260000000,0.000000000,-0.052812513
1787850392.303342342,40922.592938886,0.260000000,0.000000000,-0.046972375
1787850392.403583527,40922.693180696,0.260000000,0.000000000,-0.040985100
1787850392.503482580,40922.793066026,0.260000000,0.000000000,-0.035490058
1787850392.603401661,40922.893002359,0.260000000,0.000000000,-0.030081302
1787850392.703431129,40922.993033095,0.260000000,0.000000000,-0.025071215
1787850392.803786278,40923.093371413,0.260000000,0.000000000,-0.020435663
1787850392.903552532,40923.193139696,0.260000000,0.000000000,-0.033674866
1787850393.003449917,40923.293020151,0.254965752,0.000000000,-0.051080089
1787850393.103398085,40923.392966498,0.244373560,0.000000000,-0.072580807
1787850393.203347206,40923.492939371,0.235646188,0.000000000,-0.094850853
1787850393.303320408,40923.592901783,0.229125127,0.000000000,-0.115748793
1787850393.403337002,40923.692906785,0.224960551,0.000000000,-0.133718714
1787850393.503278017,40923.792858352,0.221636578,0.000000000,-0.150644094
1787850393.603384256,40923.892968972,0.219650522,0.000000000,-0.165732071
1787850393.703478575,40923.993082615,0.219181925,0.000000000,-0.178685635
1787850393.803451061,40924.093052108,0.219390512,0.000000000,-0.190681443
1787850393.903454304,40924.193054116,0.220797539,0.000000000,-0.200805098
1787850394.003378391,40924.292962182,0.223313719,0.000000000,-0.209263191
1787850394.103441715,40924.393040459,0.226188093,0.000000000,-0.217296630
1787850394.203441858,40924.493039639,0.229783684,0.000000000,-0.224259987
1787850394.303579330,40924.593165221,0.234138057,0.000000000,-0.229953095
1787850394.403447866,40924.693025434,0.238172397,0.000000000,-0.236018017
1787850394.503391981,40924.792983150,0.242863178,0.000000000,-0.240450919
1787850394.603456974,40924.893036845,0.247621790,0.000000000,-0.243823946
1787850394.703399897,40924.992991928,0.252480894,0.000000000,-0.245845467
1787850394.803519249,40925.093112429,0.257836521,0.000000000,-0.245407403
1787850394.903261185,40925.192835339,0.260000000,0.000000000,-0.244648620
1787850395.003789425,40925.293384313,0.260000000,0.000000000,-0.242421076
1787850395.103369236,40925.392967760,0.260000000,0.000000000,-0.240036413
1787850395.203459740,40925.493052657,0.260000000,0.000000000,-0.236131474
1787850395.303382874,40925.592991795,0.260000000,0.000000000,-0.231984198
1787850395.403577805,40925.693161424,0.260000000,0.000000000,-0.227827728
1787850395.503428698,40925.793011708,0.260000000,0.000000000,-0.222532332
1787850395.603344679,40925.892930919,0.260000000,0.000000000,-0.217297971
1787850395.703468084,40925.993050087,0.260000000,0.000000000,-0.210901633
1787850395.803470135,40926.093067178,0.260000000,0.000000000,-0.204885811
1787850395.903469086,40926.193067685,0.260000000,0.000000000,-0.197751552
1787850396.003473520,40926.293059166,0.260000000,0.000000000,-0.191136241
1787850396.103706360,40926.393306095,0.260000000,0.000000000,-0.185002670
1787850396.203355789,40926.492939310,0.260000000,0.000000000,-0.178100497
1787850396.303698540,40926.593283250,0.260000000,0.000000000,-0.171744376
1787850396.403513908,40926.693097396,0.260000000,0.000000000,-0.164438605
1787850396.503404379,40926.792990601,0.260000000,0.000000000,-0.157781601
1787850396.603484631,40926.893069445,0.260000000,0.000000000,-0.150451392
1787850396.703636408,40926.993235503,0.260000000,0.000000000,-0.143689528
1787850396.803653479,40927.093237897,0.260000000,0.000000000,-0.136401296
1787850396.903539181,40927.193135819,0.260000000,0.000000000,-0.129839018
1787850397.003669500,40927.293252308,0.260000000,0.000000000,-0.122734793
1787850397.103651762,40927.393232944,0.260000000,0.000000000,-0.116318360
1787850397.203533649,40927.493141409,0.260000000,0.000000000,-0.110589221
1787850397.303579569,40927.593161528,0.260000000,0.000000000,-0.104483753
1787850397.403513908,40927.693090981,0.260000000,0.000000000,-0.098922938
1787850397.503446817,40927.793006382,0.260000000,0.000000000,-0.092983827
1787850397.603376865,40927.892957223,0.260000000,0.000000000,-0.087460466
1787850397.703405142,40927.992977921,0.260000000,0.000000000,-0.081565812
1787850397.803447485,40928.093031722,0.260000000,0.000000000,-0.076048963
1787850397.903547764,40928.193131111,0.260000000,0.000000000,-0.071058385
1787850398.003492832,40928.293091750,0.260000000,0.000000000,-0.065639466
1787850398.103679657,40928.393283158,0.260000000,0.000000000,-0.060659051
1787850398.203653097,40928.493239685,0.260000000,0.000000000,-0.055248711
1787850398.303787708,40928.593376465,0.260000000,0.000000000,-0.050137635
1787850398.403612614,40928.693206312,0.260000000,0.000000000,-0.045514859
1787850398.503617764,40928.793204072,0.260000000,0.000000000,-0.040527213
1787850398.603631020,40928.893216812,0.260000000,0.000000000,-0.035813916
1787850398.703579903,40928.993162220,0.260000000,0.000000000,-0.030570922
1787850398.803668737,40929.093252474,0.260000000,0.000000000,-0.025723493
1787850398.903535843,40929.193134052,0.260000000,0.000000000,-0.021229716
1787850399.003581762,40929.293165660,0.260000000,0.000000000,-0.016328568
1787850399.103270054,40929.392843655,0.260000000,0.000000000,-0.011683964
1787850399.203592300,40929.493190461,0.260000000,0.000000000,-0.006553689
1787850399.303723097,40929.593308412,0.260000000,0.000000000,-0.001695061
1787850399.403463602,40929.693045264,0.260000000,0.000000000,0.003512041
1787850399.503477097,40929.793072061,0.260000000,0.000000000,0.008253784
1787850399.603503942,40929.893098656,0.260000000,0.000000000,0.013276324
1787850399.703444481,40929.993029198,0.260000000,0.000000000,0.017791418
1787850399.803587437,40930.093190026,0.260000000,0.000000000,0.021776045
1787850399.903906822,40930.193498828,0.260000000,0.000000000,0.025834983
1787850400.003408670,40930.292981681,0.260000000,0.000000000,0.029464422
1787850400.103457212,40930.393028148,0.260000000,0.000000000,0.033127904
1787850400.203412771,40930.493013112,0.260000000,0.000000000,0.036426712
1787850400.303346157,40930.592930812,0.260000000,0.000000000,0.039743826
1787850400.403374434,40930.692959714,0.260000000,0.000000000,0.042671233
1787850400.503299952,40930.792870373,0.260000000,0.000000000,0.045199078
1787850400.603497982,40930.893061726,0.260000000,0.000000000,0.047611207
1787850400.703831434,40930.993414579,0.260000000,0.000000000,0.049680397
1787850400.803616047,40931.093198490,0.260000000,0.000000000,0.051636007
1787850400.903588533,40931.193190180,0.260000000,0.000000000,0.053316776
1787850401.003345728,40931.292907493,0.260000000,0.000000000,0.054714162
1787850401.103414059,40931.392994759,0.260000000,0.000000000,0.055995271
1787850401.203524828,40931.493121072,0.260000000,0.000000000,0.057049442
1787850401.303813696,40931.593411051,0.260000000,0.000000000,0.058060102
1787850401.403616667,40931.693201168,0.260000000,0.000000000,0.058892630
1787850401.503440142,40931.793021828,0.260000000,0.000000000,0.059547123
1787850401.603420734,40931.893002617,0.260000000,0.000000000,0.060201176
1787850401.703512669,40931.993110226,0.260000000,0.000000000,0.060719546
1787850401.803554773,40932.093138781,0.260000000,0.000000000,0.061326742
1787850401.903630495,40932.193229227,0.260000000,0.000000000,0.061812762
1787850402.003519297,40932.293119209,0.260000000,0.000000000,0.062178891
1787850402.103605509,40932.393199893,0.260000000,0.000000000,0.062646285
1787850402.203708887,40932.493291232,0.260000000,0.000000000,0.062997639
1787850402.304106951,40932.593705123,0.260000000,0.000000000,0.063497305
1787850402.403559208,40932.693142603,0.260000000,0.000000000,0.063902289
1787850402.503753662,40932.793340391,0.260000000,0.000000000,0.064171031
1787850402.603525162,40932.893100569,0.260000000,0.000000000,0.064518943
1787850402.703524113,40932.993091299,0.260000000,0.000000000,0.064760618
1787850402.803925276,40933.093517254,0.260000000,0.000000000,0.065063126
1787850402.903617859,40933.193197962,0.260000000,0.000000000,0.065219298
1787850403.003669500,40933.293268728,0.260000000,0.000000000,0.065252312
1787850403.103646517,40933.393240512,0.260000000,0.000000000,0.065191790
1787850403.203532219,40933.493115254,0.260000000,0.000000000,0.065007284
1787850403.303529739,40933.593114871,0.260000000,0.000000000,0.064679854
1787850403.403537750,40933.693134363,0.260000000,0.000000000,0.064242236
1787850403.503783226,40933.793363700,0.260000000,0.000000000,0.063656136
1787850403.603501558,40933.893076444,0.260000000,0.000000000,0.062979236
1787850403.703497410,40933.993072592,0.260000000,0.000000000,0.062174685
1787850403.803807735,40934.093392760,0.260000000,0.000000000,0.061201535
1787850403.903536320,40934.193132696,0.260000000,0.000000000,0.060161956
1787850404.003599405,40934.293177339,0.260000000,0.000000000,0.058897953
1787850404.103494883,40934.393081322,0.260000000,0.000000000,0.057602018
1787850404.203462839,40934.493056234,0.260000000,0.000000000,0.056308534
1787850404.303617716,40934.593200368,0.260000000,0.000000000,0.054852583
1787850404.403458595,40934.693040676,0.260000000,0.000000000,0.053396400
1787850404.503526688,40934.793125729,0.260000000,0.000000000,0.051813278
1787850404.603592634,40934.893172289,0.260000000,0.000000000,0.050268456
1787850404.703479052,40934.993078401,0.260000000,0.000000000,0.048780426
1787850404.803648233,40935.093250765,0.260000000,0.000000000,0.047251917
1787850404.903779984,40935.193393110,0.260000000,0.000000000,0.045769174
1787850405.003688097,40935.293288865,0.260000000,0.000000000,0.044368334
1787850405.103622437,40935.393192904,0.260000000,0.000000000,0.043040432
1787850405.203471184,40935.493049631,0.260000000,0.000000000,0.041766934
1787850405.303528547,40935.593107676,0.260000000,0.000000000,0.040540397
1787850405.403796673,40935.693379988,0.260000000,0.000000000,0.039358929
1787850405.503886700,40935.793489949,0.260000000,0.000000000,0.038253497
1787850405.603579283,40935.893163136,0.260000000,0.000000000,0.037182093
1787850405.703656435,40935.993241438,0.260000000,0.000000000,0.036120761
1787850405.804021835,40936.093626651,0.260000000,0.000000000,0.035166353
1787850405.903744936,40936.193329936,0.260000000,0.000000000,0.034114033
1787850406.003726482,40936.293348919,0.260000000,0.000000000,0.033217169
1787850406.103600979,40936.393187782,0.260000000,0.000000000,0.032341696
1787850406.203585625,40936.493199390,0.260000000,0.000000000,0.031499691
1787850406.303517103,40936.593101863,0.260000000,0.000000000,0.030708212
1787850406.403761148,40936.693348967,0.260000000,0.000000000,0.029906152
1787850406.503670216,40936.793271739,0.260000000,0.000000000,0.029220894
1787850406.603695393,40936.893297757,0.260000000,0.000000000,0.028422657
1787850406.703719378,40936.993298111,0.260000000,0.000000000,0.027618706
1787850406.803643227,40937.093222097,0.260000000,0.000000000,0.026579369
1787850406.903542995,40937.193133609,0.260000000,0.000000000,0.025420314
1787850407.003895998,40937.293491080,0.260000000,0.000000000,0.024294196
1787850407.103624821,40937.393207382,0.260000000,0.000000000,0.023025591
1787850407.203613043,40937.493193811,0.260000000,0.000000000,0.022038784
1787850407.303514957,40937.593092529,0.260000000,0.000000000,0.021124797
1787850407.403575659,40937.693160283,0.260000000,0.000000000,0.020376969
1787850407.503578901,40937.793166209,0.260000000,0.000000000,0.019646633
1787850407.604041815,40937.893637914,0.260000000,0.000000000,0.018881673
1787850407.703524113,40937.993223319,0.260000000,0.000000000,0.018298863
1787850407.803615808,40938.093196676,0.260000000,0.000000000,0.017739868
1787850407.903531313,40938.193111951,0.260000000,0.000000000,0.017345499
1787850408.003802538,40938.293395421,0.260000000,0.000000000,0.016980849
1787850408.103740692,40938.393327397,0.260000000,0.000000000,0.016576473
1787850408.203721523,40938.493324171,0.260000000,0.000000000,0.016225800
1787850408.303718805,40938.593310550,0.260000000,0.000000000,0.015850212
1787850408.403601885,40938.693185198,0.260000000,0.000000000,0.015591497
1787850408.503628969,40938.793211805,0.260000000,0.000000000,0.015281420
1787850408.603667974,40938.893256376,0.260000000,0.000000000,0.015062460
1787850408.703737259,40938.993323497,0.260000000,0.000000000,0.014799270
1787850408.803748608,40939.093337842,0.260000000,0.000000000,0.014417151
1787850408.903500795,40939.193091951,0.260000000,0.000000000,0.014113972
1787850409.003635406,40939.293218050,0.260000000,0.000000000,0.013779037
1787850409.103659868,40939.393258545,0.260000000,0.000000000,0.013520553
1787850409.203677654,40939.493283319,0.260000000,0.000000000,0.013255667
1787850409.303605080,40939.593199209,0.260000000,0.000000000,0.012987996
1787850409.403800726,40939.693400022,0.260000000,0.000000000,0.012810897
1787850409.503610134,40939.793208158,0.260000000,0.000000000,0.012633512
1787850409.603705406,40939.893289475,0.260000000,0.000000000,0.012572201
1787850409.703644991,40939.993220257,0.260000000,0.000000000,0.012454060
1787850409.803998470,40940.093592493,0.260000000,0.000000000,0.012284171
1787850409.903636456,40940.193223462,0.260000000,0.000000000,0.012173959
1787850410.004083633,40940.293689995,0.260000000,0.000000000,0.011971757
1787850410.103757620,40940.393341445,0.260000000,0.000000000,0.011832187
1787850410.203805447,40940.493403943,0.260000000,0.000000000,0.011632482
1787850410.303962469,40940.593566019,0.260000000,0.000000000,0.011453770
1787850410.403679132,40940.693256498,0.260000000,0.000000000,0.011209629
1787850410.503837347,40940.793425041,0.260000000,0.000000000,0.010903547
1787850410.603730440,40940.893332669,0.260000000,0.000000000,0.010609747
1787850410.703588247,40940.993184304,0.260000000,0.000000000,0.010270710
1787850410.803698778,40941.093287361,0.260000000,0.000000000,0.009990359
1787850410.903759241,40941.193340234,0.260000000,0.000000000,0.009636465
1787850411.003682137,40941.293291749,0.260000000,0.000000000,0.009239294
1787850411.103858948,40941.393444721,0.260000000,0.000000000,0.008883451
1787850411.203789473,40941.493377145,0.260000000,0.000000000,0.008504692
1787850411.303692818,40941.593291003,0.260000000,0.000000000,0.008177924
1787850411.403775215,40941.693374459,0.260000000,0.000000000,0.007839534
1787850411.503750324,40941.793346977,0.260000000,0.000000000,0.007443111
1787850411.603731394,40941.893321338,0.260000000,0.000000000,0.007043372
1787850411.703804016,40941.993382740,0.260000000,0.000000000,0.006928860
1787850411.803774834,40942.093353047,0.260000000,0.000000000,0.006747564
1787850411.903681040,40942.193255603,0.260000000,0.000000000,0.006554887
1787850412.003689528,40942.293260604,0.260000000,0.000000000,0.006072551
1787850412.103623390,40942.393201839,0.260000000,0.000000000,0.005647830
1787850412.203702927,40942.493283283,0.260000000,0.000000000,0.005115612
1787850412.303750753,40942.593334335,0.260000000,0.000000000,0.004442983
1787850412.403969526,40942.693574866,0.260000000,0.000000000,0.003674496
1787850412.503664732,40942.793267630,0.260000000,0.000000000,0.002420982
1787850412.603840351,40942.893425275,0.260000000,0.000000000,0.001120459
1787850412.703810453,40942.993397768,0.260000000,0.000000000,-0.000162912
1787850412.803686380,40943.093281785,0.260000000,0.000000000,-0.002026970
1787850412.903687477,40943.193263831,0.260000000,0.000000000,-0.003949046
1787850413.003656149,40943.293253118,0.260000000,0.000000000,-0.006612131
1787850413.103789568,40943.393383822,0.260000000,0.000000000,-0.009230783
1787850413.204155922,40943.493763693,0.260000000,0.000000000,-0.012783076
1787850413.303800106,40943.593388875,0.260000000,0.000000000,-0.016199712
1787850413.403805494,40943.693391630,0.260000000,0.000000000,-0.019423448
1787850413.503909349,40943.793509662,0.260000000,0.000000000,-0.023456449
1787850413.603961229,40943.893565807,0.260000000,0.000000000,-0.032341443
1787850413.703677893,40943.993262943,0.260000000,0.000000000,-0.035434045
1787850413.803754807,40944.093339071,0.260000000,0.000000000,-0.035656415
1787850413.903882742,40944.193465955,0.260000000,0.000000000,-0.036491372
1787850414.003954172,40944.293540111,0.260000000,0.000000000,-0.039686020
1787850414.103963137,40944.393558446,0.260000000,0.000000000,-0.043818191
1787850414.203701735,40944.493283577,0.260000000,0.000000000,-0.052224793
1787850414.303700447,40944.593298950,0.260000000,0.000000000,-0.061086096
1787850414.403628111,40944.693203146,0.260000000,0.000000000,-0.066903636
1787850414.503810644,40944.793386696,0.260000000,0.000000000,-0.068637006
1787850414.603738785,40944.893331806,0.260000000,0.000000000,-0.056573588
1787850414.703765392,40944.993360613,0.260000000,0.000000000,-0.049037836
1787850414.804023027,40945.093626966,0.260000000,0.000000000,-0.046694115
1787850414.903906345,40945.193494734,0.260000000,0.000000000,-0.049763046
1787850415.003716707,40945.293314672,0.260000000,0.000000000,-0.056421105
1787850415.103516102,40945.393081706,0.260000000,0.000000000,-0.065950610
1787850415.203641891,40945.493235200,0.260000000,0.000000000,-0.074456938
1787850415.304166079,40945.593749871,0.260000000,0.000000000,-0.072550409
1787850415.403884172,40945.693464275,0.260000000,0.000000000,-0.075300805
1787850415.503751993,40945.793335628,0.260000000,0.000000000,-0.076733537
1787850415.603583813,40945.893165340,0.260000000,0.000000000,-0.070430838
1787850415.704267979,40945.993857425,0.260000000,0.000000000,-0.072182946
1787850415.803808451,40946.093388978,0.260000000,0.000000000,-0.073169127
1787850415.903747082,40946.193322551,0.260000000,0.000000000,-0.073983155
1787850416.003579140,40946.293161261,0.260000000,0.000000000,-0.072372995
1787850416.103751898,40946.393337030,0.260000000,0.000000000,-0.069160804
1787850416.203622341,40946.493198025,0.260000000,0.000000000,-0.065159827
1787850416.303823709,40946.593409338,0.260000000,0.000000000,-0.051914848
1787850416.403753042,40946.693351114,0.260000000,0.000000000,-0.052312523
1787850416.503798723,40946.793379657,0.260000000,0.000000000,-0.052969411
1787850416.603944302,40946.893527815,0.260000000,0.000000000,-0.047401004
1787850416.703620672,40946.993198350,0.260000000,0.000000000,-0.050902367
1787850416.804043770,40947.093645103,0.260000000,0.000000000,-0.053305276
1787850416.903854847,40947.193436303,0.260000000,0.000000000,-0.055723019
1787850417.003746510,40947.293330799,0.260000000,0.000000000,-0.055582754
1787850417.103698492,40947.393290159,0.260000000,0.000000000,-0.054040078
1787850417.203737974,40947.493335132,0.260000000,0.000000000,-0.051876061
1787850417.303851843,40947.593441684,0.260000000,0.000000000,-0.049583554
1787850417.403728485,40947.693312782,0.260000000,0.000000000,-0.047291651
1787850417.503692865,40947.793273070,0.260000000,0.000000000,-0.037994213
1787850417.604064465,40947.893648511,0.260000000,0.000000000,-0.040583055
1787850417.703773022,40947.993351413,0.260000000,0.000000000,-0.038007990
1787850417.803801298,40948.093401906,0.260000000,0.000000000,-0.042196367
1787850417.903747797,40948.193345626,0.260000000,0.000000000,-0.051083196
1787850418.004044771,40948.293630535,0.260000000,0.000000000,-0.056314521
1787850418.103763103,40948.393364626,0.260000000,0.000000000,-0.063455343
1787850418.203752041,40948.493337567,0.260000000,0.000000000,-0.071584336
1787850418.303838491,40948.593436016,0.260000000,0.000000000,-0.081297226
1787850418.403936625,40948.693531921,0.260000000,0.000000000,-0.091178618
1787850418.503853321,40948.793435840,0.260000000,0.000000000,-0.100784630
1787850418.603728056,40948.893316005,0.260000000,0.000000000,-0.098071896
1787850418.703732967,40948.993313394,0.260000000,0.000000000,-0.072766088
1787850418.803837538,40949.093418293,0.260000000,0.000000000,-0.058485772
1787850418.903934002,40949.193505091,0.260000000,0.000000000,-0.045372985
1787850419.003829241,40949.293435913,0.260000000,0.000000000,-0.015290636
1787850419.103717804,40949.393319734,0.260000000,0.000000000,-0.004742150
1787850419.203671217,40949.493253293,0.260000000,0.000000000,0.002282854
1787850419.303795338,40949.593393533,0.260000000,0.000000000,0.024660349
1787850419.403792620,40949.693372756,0.260000000,0.000000000,0.027634885
1787850419.503694773,40949.793292361,0.260000000,0.000000000,0.045976993
1787850419.603866339,40949.893462067,0.260000000,0.000000000,0.058558851
1787850419.703784704,40949.993385783,0.260000000,0.000000000,0.055552628
1787850419.803972721,40950.093551712,0.260000000,0.000000000,0.049067885
1787850419.903869629,40950.193471693,0.260000000,0.000000000,0.043318510
1787850420.003809452,40950.293394965,0.260000000,0.000000000,0.040499989
1787850420.103718281,40950.393318330,0.260000000,0.000000000,0.039622899
1787850420.203769922,40950.493353999,0.260000000,0.000000000,0.039677441
1787850420.303726196,40950.593337177,0.260000000,0.000000000,0.039970290
1787850420.404127836,40950.693725926,0.260000000,0.000000000,0.040541969
1787850420.503780603,40950.793382643,0.260000000,0.000000000,0.041319974
1787850420.603819609,40950.893419447,0.260000000,0.000000000,0.042167924
1787850420.704190016,40950.993773277,0.260000000,0.000000000,0.043118533
1787850420.803730249,40951.093307232,0.260000000,0.000000000,0.043977745
1787850420.903733253,40951.193317959,0.260000000,0.000000000,0.044690058
1787850421.003847122,40951.293434728,0.260000000,0.000000000,0.045172811
1787850421.103949785,40951.393529906,0.260000000,0.000000000,0.045401525
1787850421.203612566,40951.493192403,0.260000000,0.000000000,0.045422435
1787850421.303656816,40951.593238649,0.260000000,0.000000000,0.045326844
1787850421.403949738,40951.693542130,0.260000000,0.000000000,0.045159377
1787850421.503773451,40951.793350991,0.260000000,0.000000000,0.045021135
1787850421.603692532,40951.893267036,0.260000000,0.000000000,0.044901125
1787850421.703611851,40951.993182770,0.260000000,0.000000000,0.044835694
1787850421.803940296,40952.093546936,0.260000000,0.000000000,0.044868153
1787850421.903732300,40952.193316100,0.260000000,0.000000000,0.044949841
1787850422.003747940,40952.293331177,0.260000000,0.000000000,0.045130596
1787850422.103794098,40952.393378271,0.260000000,0.000000000,0.045333624
1787850422.203717709,40952.493305366,0.260000000,0.000000000,0.045621302
1787850422.303761005,40952.593332732,0.260000000,0.000000000,0.062611841
1787850422.403835535,40952.693427044,0.260000000,0.000000000,0.075006418
1787850422.503618002,40952.793197846,0.260000000,0.000000000,0.084249713
1787850422.603828669,40952.893414776,0.260000000,0.000000000,0.088529952
1787850422.703839779,40952.993422685,0.260000000,0.000000000,0.091415353
1787850422.803950548,40953.093523958,0.260000000,0.000000000,0.093513496
1787850422.903739452,40953.193324567,0.260000000,0.000000000,0.095151253
1787850423.003775120,40953.293356846,0.260000000,0.000000000,0.094753340
1787850423.103726149,40953.393297424,0.260000000,0.000000000,0.092958830
1787850423.203892946,40953.493463260,0.260000000,0.000000000,0.090837359
1787850423.303707123,40953.593284251,0.260000000,0.000000000,0.089083016
1787850423.403877735,40953.693479373,0.260000000,0.000000000,0.088788867
1787850423.503863811,40953.793443745,0.260000000,0.000000000,0.089018896
1787850423.603779554,40953.893358945,0.260000000,0.000000000,0.089854933
1787850423.703908205,40953.993498281,0.260000000,0.000000000,0.090716951
1787850423.803733587,40954.093318434,0.260000000,0.000000000,0.090860598
1787850423.904010773,40954.193597790,0.260000000,0.000000000,0.089980558
1787850424.003857136,40954.293444173,0.260000000,0.000000000,0.087996997
1787850424.103774786,40954.393347320,0.260000000,0.000000000,0.084864929
1787850424.203785419,40954.493369399,0.260000000,0.000000000,0.082072318
1787850424.303790569,40954.593374972,0.260000000,0.000000000,0.081057668
1787850424.403743029,40954.693326614,0.260000000,0.000000000,0.081406251
1787850424.504002571,40954.793608416,0.260000000,0.000000000,0.082150042
1787850424.603824615,40954.893425814,0.260000000,0.000000000,0.082842447
1787850424.704153776,40954.993744253,0.260000000,0.000000000,0.083351776
1787850424.803815603,40955.093398836,0.260000000,0.000000000,0.084534034
1787850424.903714895,40955.193292010,0.260000000,0.000000000,0.086849019
1787850425.004044771,40955.293647971,0.260000000,0.000000000,0.089998260
1787850425.103840113,40955.393427593,0.260000000,0.000000000,0.093519084
1787850425.203954697,40955.493560960,0.260000000,0.000000000,0.096907288
1787850425.304383278,40955.593986669,0.260000000,0.000000000,0.100033075
1787850425.403770447,40955.693352018,0.260000000,0.000000000,0.102817580
1787850425.503949404,40955.793550243,0.260000000,0.000000000,0.105150141
1787850425.603842258,40955.893432599,0.260000000,0.000000000,0.107146621
1787850425.703825235,40955.993412300,0.260000000,0.000000000,0.108710356
1787850425.803957939,40956.093542064,0.260000000,0.000000000,0.109723262
1787850425.903990746,40956.193572938,0.260000000,0.000000000,0.110324077
1787850426.003883839,40956.293506496,0.260000000,0.000000000,0.110402606
1787850426.103869438,40956.393465835,0.260000000,0.000000000,0.110095553
1787850426.203761101,40956.493341480,0.260000000,0.000000000,0.109453917
1787850426.303743124,40956.593316894,0.260000000,0.000000000,0.108732581
1787850426.403954029,40956.693558813,0.260000000,0.000000000,0.107847534
1787850426.503880024,40956.793482334,0.260000000,0.000000000,0.106980793
1787850426.604075193,40956.893674298,0.260000000,0.000000000,0.106171876
1787850426.703773022,40956.993352532,0.260000000,0.000000000,0.105274230
1787850426.804264545,40957.093862246,0.260000000,0.000000000,0.104412660
1787850426.903890371,40957.193479066,0.260000000,0.000000000,0.103610858
1787850427.003811359,40957.293383052,0.260000000,0.000000000,0.102576189
1787850427.103913784,40957.393490423,0.260000000,0.000000000,0.101470858
1787850427.203824997,40957.493411630,0.260000000,0.000000000,0.100063100
1787850427.303795099,40957.593378722,0.260000000,0.000000000,0.098571986
1787850427.403896570,40957.693466009,0.260000000,0.000000000,0.096872509
1787850427.503926039,40957.793497829,0.260000000,0.000000000,0.095150143
1787850427.603880882,40957.893450573,0.260000000,0.000000000,0.093368970
1787850427.704014063,40957.993598482,0.260000000,0.000000000,0.091450617
1787850427.804111242,40958.093711216,0.260000000,0.000000000,0.089393042
1787850427.904075623,40958.193658205,0.260000000,0.000000000,0.087209940
1787850428.003838778,40958.293421588,0.260000000,0.000000000,0.085060380
1787850428.103953600,40958.393534252,0.260000000,0.000000000,0.082675345
1787850428.203914404,40958.493497474,0.260000000,0.000000000,0.080352917
1787850428.303824425,40958.593407111,0.260000000,0.000000000,0.078165516
1787850428.403916597,40958.693520010,0.260000000,0.000000000,0.075939596
1787850428.504064322,40958.793650409,0.260000000,0.000000000,0.073799103
1787850428.604088545,40958.893674770,0.260000000,0.000000000,0.071694896
1787850428.703947544,40958.993533646,0.260000000,0.000000000,0.069269523
1787850428.803986788,40959.093562636,0.260000000,0.000000000,0.066853128
1787850428.903784990,40959.193365003,0.260000000,0.000000000,0.064153150
1787850429.003824234,40959.293396144,0.260000000,0.000000000,0.061647527
1787850429.103846073,40959.393429025,0.260000000,0.000000000,0.059242655
1787850429.203809738,40959.493397556,0.260000000,0.000000000,0.057080489
1787850429.303767920,40959.593343510,0.260000000,0.000000000,0.055019669
1787850429.404059887,40959.693635158,0.260000000,0.000000000,0.052986555
1787850429.503942490,40959.793514231,0.260000000,0.000000000,0.050914302
1787850429.604047537,40959.893631818,0.260000000,0.000000000,0.048809756
1787850429.703745127,40959.993315508,0.260000000,0.000000000,0.046861749
1787850429.803876400,40960.093464202,0.260000000,0.000000000,0.045084476
1787850429.903733492,40960.193302878,0.260000000,0.000000000,0.043275192
1787850430.003948212,40960.293524967,0.260000000,0.000000000,0.041614894
1787850430.103946686,40960.393516663,0.260000000,0.000000000,0.040012911
1787850430.203882456,40960.493459504,0.260000000,0.000000000,0.038449820
1787850430.303996325,40960.593587503,0.260000000,0.000000000,0.036985673
1787850430.404306650,40960.693907426,0.260000000,0.000000000,0.035530958
1787850430.504067898,40960.793648397,0.260000000,0.000000000,0.034109484
1787850430.604154110,40960.893735117,0.260000000,0.000000000,0.032702003
1787850430.703999758,40960.993579946,0.260000000,0.000000000,0.031380918
1787850430.803930283,40961.093517401,0.260000000,0.000000000,0.030003782
1787850430.903866768,40961.193445187,0.260000000,0.000000000,0.028651154
1787850431.003890753,40961.293483839,0.260000000,0.000000000,0.027402442
1787850431.104094267,40961.393662613,0.260000000,0.000000000,0.026174026
1787850431.204037428,40961.493621362,0.260000000,0.000000000,0.024860121
1787850431.303980112,40961.593581597,0.260000000,0.000000000,0.023638096
1787850431.404090405,40961.693673023,0.260000000,0.000000000,0.022272673
1787850431.504107237,40961.793710852,0.260000000,0.000000000,0.020884905
1787850431.603943825,40961.893529485,0.260000000,0.000000000,0.019548463
1787850431.704017878,40961.993604121,0.260000000,0.000000000,0.018289139
1787850431.804008484,40962.093607341,0.260000000,0.000000000,0.016827818
1787850431.903869390,40962.193451796,0.260000000,0.000000000,0.015882058
1787850432.003993750,40962.293594397,0.260000000,0.000000000,0.015265087
1787850432.103952885,40962.393533837,0.260000000,0.000000000,0.015711702
1787850432.203936100,40962.493514817,0.260000000,0.000000000,0.016625330
1787850432.303983450,40962.593583215,0.260000000,0.000000000,0.018060388
1787850432.403877020,40962.693466987,0.260000000,0.000000000,0.020396985
1787850432.504025936,40962.793611626,0.260000000,0.000000000,0.022740966
1787850432.604109764,40962.893694009,0.260000000,0.000000000,0.025489615
1787850432.704183340,40962.993786280,0.260000000,0.000000000,0.027780155
1787850432.803894758,40963.093475875,0.260000000,0.000000000,0.030301696
1787850432.904116154,40963.193704213,0.260000000,0.000000000,0.032735243
1787850433.003984451,40963.293566521,0.260000000,0.000000000,0.035458237
1787850433.104030609,40963.393613943,0.260000000,0.000000000,0.037900440
1787850433.204036713,40963.493630726,0.260000000,0.000000000,0.039972242
1787850433.304002047,40963.593587234,0.260000000,0.000000000,0.042186838
1787850433.403940916,40963.693541307,0.260000000,0.000000000,0.043934509
1787850433.504166603,40963.793758874,0.260000000,0.000000000,0.045709230
1787850433.604135513,40963.893735553,0.260000000,0.000000000,0.047206327
1787850433.703894615,40963.993465597,0.260000000,0.000000000,0.048290975
1787850433.804044962,40964.093645928,0.260000000,0.000000000,0.049507674
1787850433.904010057,40964.193594348,0.260000000,0.000000000,0.050215732
1787850434.003840446,40964.293421565,0.260000000,0.000000000,0.050923675
1787850434.103835344,40964.393412343,0.260000000,0.000000000,0.051215135
1787850434.203753948,40964.493320902,0.260000000,0.000000000,0.051065579
1787850434.304008722,40964.593592618,0.260000000,0.000000000,0.050551452
1787850434.403982639,40964.693573750,0.260000000,0.000000000,0.049936254
1787850434.503927469,40964.793508104,0.260000000,0.000000000,0.048856698
1787850434.603985548,40964.893559316,0.260000000,0.000000000,0.047586486
1787850434.703974724,40964.993555589,0.260000000,0.000000000,0.046051778
1787850434.803869247,40965.093440869,0.260000000,0.000000000,0.043914858
1787850434.903990030,40965.193572144,0.260000000,0.000000000,0.041631740
1787850435.003965616,40965.293549637,0.260000000,0.000000000,0.039415941
1787850435.103919983,40965.393487504,0.260000000,0.000000000,0.038265571
1787850435.204114199,40965.493698793,0.260000000,0.000000000,0.037862692
1787850435.303934813,40965.593529713,0.260000000,0.000000000,0.039248426
1787850435.403872013,40965.693434563,0.260000000,0.000000000,0.041199364
1787850435.503962278,40965.793539255,0.260000000,0.000000000,0.043440878
1787850435.603961229,40965.893556838,0.260000000,0.000000000,0.047644377
1787850435.704012871,40965.993589456,0.260000000,0.000000000,0.052954569
1787850435.804004908,40966.093575629,0.260000000,0.000000000,0.059098262
1787850435.903807402,40966.193379801,0.260000000,0.000000000,0.062712252
1787850436.003955603,40966.293549090,0.260000000,0.000000000,0.064016253
1787850436.103880405,40966.393464501,0.260000000,0.000000000,0.062464498
1787850436.204026937,40966.493612133,0.260000000,0.000000000,0.059286833
1787850436.303992510,40966.593596561,0.260000000,0.000000000,0.054938819
1787850436.403996944,40966.693569417,0.260000000,0.000000000,0.050325349
1787850436.504103422,40966.793697420,0.260000000,0.000000000,0.045319952
1787850436.604090929,40966.893670413,0.260000000,0.000000000,0.041799802
1787850436.703957319,40966.993552723,0.260000000,0.000000000,0.037630111
1787850436.804246187,40967.093839477,0.260000000,0.000000000,0.032593049
1787850436.904295921,40967.193889560,0.260000000,0.000000000,0.027225720
1787850437.003993034,40967.293590998,0.260000000,0.000000000,0.020680351
1787850437.104171515,40967.393778147,0.260000000,0.000000000,0.013733289
1787850437.204004288,40967.493601461,0.260000000,0.000000000,0.006544035
1787850437.304230213,40967.593834149,0.260000000,0.000000000,-0.000199173
1787850437.404040813,40967.693636464,0.260000000,0.000000000,-0.006612629
1787850437.504177094,40967.793769374,0.260000000,0.000000000,-0.012450567
1787850437.604140997,40967.893723178,0.260000000,0.000000000,-0.018235561
1787850437.704296589,40967.993886977,0.260000000,0.000000000,-0.023541627
1787850437.803939342,40968.093515545,0.260000000,0.000000000,-0.028014181
1787850437.904161453,40968.193751548,0.260000000,0.000000000,-0.032291241
1787850438.003888607,40968.293460580,0.260000000,0.000000000,-0.036752090
1787850438.103971481,40968.393559358,0.260000000,0.000000000,-0.042115416
1787850438.204135418,40968.493738348,0.260000000,0.000000000,-0.048313115
1787850438.304067612,40968.593662310,0.260000000,0.000000000,-0.055044409
1787850438.403985739,40968.693567999,0.260000000,0.000000000,-0.061889417
1787850438.504150867,40968.793769936,0.260000000,0.000000000,-0.067703456
1787850438.604080915,40968.893664578,0.260000000,0.000000000,-0.072635055
1787850438.704018831,40968.993620912,0.260000000,0.000000000,-0.076602116
1787850438.804023504,40969.093626391,0.260000000,0.000000000,-0.079534844
1787850438.904117107,40969.193702647,0.260000000,0.000000000,-0.082019217
1787850439.004079580,40969.293658950,0.260000000,0.000000000,-0.084151529
1787850439.104197264,40969.393782118,0.260000000,0.000000000,-0.085495107
1787850439.204068184,40969.493658737,0.260000000,0.000000000,-0.086624429
1787850439.304220200,40969.593805717,0.260000000,0.000000000,-0.086833149
1787850439.404099703,40969.693702931,0.260000000,0.000000000,-0.086986899
1787850439.504506350,40969.794092924,0.260000000,0.000000000,-0.086368747
1787850439.604098320,40969.893676375,0.260000000,0.000000000,-0.085752338
1787850439.704623222,40969.994224068,0.260000000,0.000000000,-0.085246652
1787850439.803762436,40970.093324949,0.260000000,0.000000000,-0.084350608
1787850439.904217958,40970.193816129,0.260000000,0.000000000,-0.083643034
1787850440.004085541,40970.293688044,0.260000000,0.000000000,-0.082531109
1787850440.104129553,40970.393714787,0.260000000,0.000000000,-0.081652507
1787850440.203941345,40970.493511782,0.260000000,0.000000000,-0.080441706
1787850440.304073334,40970.593666435,0.260000000,0.000000000,-0.079448521
1787850440.404150963,40970.693762758,0.260000000,0.000000000,-0.078717448
1787850440.504113674,40970.793711703,0.260000000,0.000000000,-0.077661812
1787850440.604274511,40970.893875879,0.260000000,0.000000000,-0.076788142
1787850440.704139948,40970.993744006,0.260000000,0.000000000,-0.075463779
1787850440.804175615,40971.093758474,0.260000000,0.000000000,-0.074367583
1787850440.904364824,40971.193951087,0.260000000,0.000000000,-0.073511809
1787850441.004173517,40971.293763286,0.260000000,0.000000000,-0.072312191
1787850441.103935480,40971.393509769,0.260000000,0.000000000,-0.071341537
1787850441.204057932,40971.493652192,0.260000000,0.000000000,-0.069892317
1787850441.304075956,40971.593663028,0.260000000,0.000000000,-0.068676300
1787850441.404392958,40971.693993544,0.260000000,0.000000000,-0.067029551
1787850441.504045725,40971.793629257,0.260000000,0.000000000,-0.065622710
1787850441.604064703,40971.893664195,0.260000000,0.000000000,-0.064525761
1787850441.704049349,40971.993633459,0.260000000,0.000000000,-0.063067026
1787850441.804098845,40972.093691012,0.260000000,0.000000000,-0.061832335
1787850441.904153824,40972.193761504,0.260000000,0.000000000,-0.060211632
1787850442.004318953,40972.293921427,0.260000000,0.000000000,-0.058839761
1787850442.104151487,40972.393731372,0.260000000,0.000000000,-0.057729121
1787850442.204059124,40972.493650096,0.260000000,0.000000000,-0.056268245
1787850442.304012299,40972.593604182,0.260000000,0.000000000,-0.055009149
1787850442.404098511,40972.693670970,0.260000000,0.000000000,-0.053316072
1787850442.504141331,40972.793724621,0.260000000,0.000000000,-0.051836368
1787850442.604130268,40972.893702186,0.260000000,0.000000000,-0.049867682
1787850442.703931093,40972.993499923,0.260000000,0.000000000,-0.048031643
1787850442.804095030,40973.093672587,0.260000000,0.000000000,-0.046464719
1787850442.904020786,40973.193594399,0.260000000,0.000000000,-0.044613965
1787850443.004089832,40973.293684137,0.260000000,0.000000000,-0.043114606
1787850443.104082108,40973.393688248,0.260000000,0.000000000,-0.041248661
1787850443.204261303,40973.493850191,0.260000000,0.000000000,-0.039756026
1787850443.304137468,40973.593716840,0.260000000,0.000000000,-0.038577534
1787850443.404062986,40973.693649020,0.260000000,0.000000000,-0.037144810
1787850443.503942251,40973.793504970,0.260000000,0.000000000,-0.035911985
1787850443.604220629,40973.893821449,0.260000000,0.000000000,-0.034323134
1787850443.704355240,40973.993955018,0.260000000,0.000000000,-0.033009443
1787850443.804157019,40974.093754939,0.260000000,0.000000000,-0.031962018
1787850443.904017925,40974.193594437,0.260000000,0.000000000,-0.030656397
1787850444.004404068,40974.294012822,0.260000000,0.000000000,-0.029570645
1787850444.104315281,40974.393898767,0.260000000,0.000000000,-0.028139705
1787850444.204112053,40974.493725095,0.260000000,0.000000000,-0.026979851
1787850444.304168463,40974.593752762,0.260000000,0.000000000,-0.025467899
1787850444.404274464,40974.693858558,0.260000000,0.000000000,-0.024213361
1787850444.504225969,40974.793815949,0.260000000,0.000000000,-0.023309365
1787850444.604146242,40974.893729090,0.260000000,0.000000000,-0.022161849
1787850444.704200745,40974.993782974,0.260000000,0.000000000,-0.021236356
1787850444.804164648,40975.093746906,0.260000000,0.000000000,-0.020067187
1787850444.904095411,40975.193694453,0.260000000,0.000000000,-0.019137932
1787850445.004025936,40975.293609148,0.260000000,0.000000000,-0.018444218
1787850445.104199409,40975.393801119,0.260000000,0.000000000,-0.017551178
1787850445.204151154,40975.493732859,0.260000000,0.000000000,-0.016846864
1787850445.304401398,40975.593987575,0.260000000,0.000000000,-0.015862785
1787850445.404257536,40975.693843557,0.260000000,0.000000000,-0.015028550
1787850445.504209518,40975.793811112,0.260000000,0.000000000,-0.014488418
1787850445.604192495,40975.893788199,0.260000000,0.000000000,-0.013747127
1787850445.704412699,40975.994002362,0.260000000,0.000000000,-0.013297957
1787850445.804081678,40976.093666010,0.260000000,0.000000000,-0.012631329
1787850445.904145718,40976.193728615,0.260000000,0.000000000,-0.012196299
1787850446.004312277,40976.293898430,0.260000000,0.000000000,-0.011569048
1787850446.104198456,40976.393783619,0.260000000,0.000000000,-0.010958093
1787850446.204124689,40976.493722252,0.260000000,0.000000000,-0.010636395
1787850446.304137707,40976.593736591,0.260000000,0.000000000,-0.009943206
1787850446.404029369,40976.693594007,0.260000000,0.000000000,-0.009615886
1787850446.504168987,40976.793777687,0.260000000,0.000000000,-0.009372996
1787850446.604138851,40976.893723325,0.260000000,0.000000000,-0.009334969
1787850446.704224586,40976.993823975,0.260000000,0.000000000,-0.009425114
1787850446.804109335,40977.093712598,0.260000000,0.000000000,-0.009462005
1787850446.903888464,40977.193451170,0.260000000,0.000000000,-0.009621966
1787850447.004243374,40977.293827477,0.260000000,0.000000000,-0.009713318
1787850447.104041815,40977.393616344,0.260000000,0.000000000,-0.009867033
1787850447.204102516,40977.493690765,0.260000000,0.000000000,-0.010298463
1787850447.304227114,40977.593819798,0.260000000,0.000000000,-0.010825890
1787850447.404219866,40977.693810029,0.260000000,0.000000000,-0.011489090
1787850447.503943205,40977.793503725,0.260000000,0.000000000,-0.011907259
1787850447.604267359,40977.893859665,0.260000000,0.000000000,-0.011980620
1787850447.704534292,40977.994142525,0.260000000,0.000000000,-0.012067731
1787850447.804209709,40978.093802544,0.260000000,0.000000000,-0.011643299
1787850447.904395103,40978.193991696,0.260000000,0.000000000,-0.011258472
1787850448.004103184,40978.293684301,0.260000000,0.000000000,-0.010722637
1787850448.104125977,40978.393708776,0.260000000,0.000000000,-0.009970381
1787850448.204396009,40978.493991386,0.260000000,0.000000000,-0.009342686
1787850448.304232359,40978.593829688,0.260000000,0.000000000,-0.008153240
1787850448.404253960,40978.693840192,0.260000000,0.000000000,-0.007025586
1787850448.504101038,40978.793680495,0.260000000,0.000000000,-0.005222907
1787850448.604178667,40978.893774574,0.260000000,0.000000000,-0.003629515
1787850448.704341173,40978.993921979,0.260000000,0.000000000,-0.002574151
1787850448.804203749,40979.093805690,0.260000000,0.000000000,-0.001176743
1787850448.904238939,40979.193825385,0.260000000,0.000000000,0.000084569
1787850449.004426956,40979.294012737,0.260000000,0.000000000,0.001879814
1787850449.104208708,40979.393794765,0.260000000,0.000000000,0.003251979
1787850449.204250574,40979.493849338,0.260000000,0.000000000,0.005110751
1787850449.304162741,40979.593745937,0.260000000,0.000000000,0.006473376
1787850449.404225111,40979.693808171,0.260000000,0.000000000,0.007228383
1787850449.504243851,40979.793828005,0.260000000,0.000000000,0.008721551
1787850449.604392529,40979.893990386,0.260000000,0.000000000,0.009875216
1787850449.704144239,40979.993734227,0.260000000,0.000000000,0.011507474
1787850449.804196119,40980.093795561,0.260000000,0.000000000,0.012448056
1787850449.904292822,40980.193906168,0.260000000,0.000000000,0.013757232
1787850450.004172087,40980.293751962,0.260000000,0.000000000,0.014121326
1787850450.104449749,40980.394033919,0.260000000,0.000000000,0.014972911
1787850450.204239607,40980.493836692,0.260000000,0.000000000,0.015210568
1787850450.304202795,40980.593784202,0.260000000,0.000000000,0.014918941
1787850450.404247046,40980.693852520,0.260000000,0.000000000,0.015143912
1787850450.504279137,40980.793862630,0.260000000,0.000000000,0.015010177
1787850450.604459047,40980.894043863,0.260000000,0.000000000,0.015268485
1787850450.704345703,40980.993929449,0.260000000,0.000000000,0.015173951
1787850450.804230213,40981.093825711,0.260000000,0.000000000,0.014761131
1787850450.904530764,40981.194115640,0.260000000,0.000000000,0.014714739
1787850451.004246712,40981.293830100,0.260000000,0.000000000,0.014384473
1787850451.104278803,40981.393876382,0.260000000,0.000000000,0.014478805
1787850451.204406261,40981.494007196,0.260000000,0.000000000,0.014213215
1787850451.304284334,40981.593865373,0.260000000,0.000000000,0.014360228
1787850451.404458284,40981.694041709,0.260000000,0.000000000,0.014134713
1787850451.504172325,40981.793754557,0.260000000,0.000000000,0.014503031
1787850451.604117393,40981.893690090,0.260000000,0.000000000,0.014375860
1787850451.704111338,40981.993703868,0.260000000,0.000000000,0.013720834
1787850451.804239035,40982.093820444,0.260000000,0.000000000,0.013101925
1787850451.904176474,40982.193743969,0.260000000,0.000000000,0.012320104
1787850452.004284859,40982.293854508,0.260000000,0.000000000,0.012288413
1787850452.104271173,40982.393858804,0.260000000,0.000000000,0.012150138
1787850452.204419374,40982.494003713,0.260000000,0.000000000,0.012355194
1787850452.304315805,40982.593900100,0.260000000,0.000000000,0.012005538
1787850452.404114246,40982.693687941,0.260000000,0.000000000,0.011315383
1787850452.504410267,40982.794008972,0.260000000,0.000000000,0.011067346
1787850452.604216099,40982.893799860,0.260000000,0.000000000,0.010383686
1787850452.704496622,40982.994084265,0.260000000,0.000000000,0.009564967
1787850452.804259062,40983.093870557,0.260000000,0.000000000,0.009127039
1787850452.904110193,40983.193694574,0.260000000,0.000000000,0.008511208
1787850453.004274130,40983.293859619,0.260000000,0.000000000,0.008232456
1787850453.104620218,40983.394218579,0.260000000,0.000000000,0.007956421
1787850453.204358101,40983.493946322,0.260000000,0.000000000,-0.016889796
1787850453.304341078,40983.593945953,0.260000000,0.000000000,-0.016448785
1787850453.404280901,40983.693866160,0.260000000,0.000000000,-0.013680259
1787850453.504126549,40983.793699428,0.260000000,0.000000000,-0.006049973
1787850453.604166508,40983.893738566,0.260000000,0.000000000,0.000984120
1787850453.704211950,40983.993790452,0.260000000,0.000000000,0.007425539
1787850453.804061413,40984.093621517,0.260000000,0.000000000,0.011845068
1787850453.904117823,40984.193688877,0.260000000,0.000000000,0.014682293
1787850454.004131079,40984.293716155,0.260000000,0.000000000,0.015869942
1787850454.104311466,40984.393890439,0.260000000,0.000000000,0.015764572
1787850454.204154253,40984.493729333,0.260000000,0.000000000,0.015117329
1787850454.304307699,40984.593890338,0.260000000,0.000000000,0.014019974
1787850454.404499292,40984.694084917,0.260000000,0.000000000,0.013185776
1787850454.504233360,40984.793817947,0.260000000,0.000000000,0.011920202
1787850454.604281187,40984.893879738,0.260000000,0.000000000,0.010216694
1787850454.704212189,40984.993794536,0.260000000,0.000000000,0.009313444
1787850454.804323435,40985.093920701,0.260000000,0.000000000,0.008534929
1787850454.904289722,40985.193880672,0.260000000,0.000000000,0.008192555
1787850455.004312277,40985.293897409,0.260000000,0.000000000,0.007815107
1787850455.104428530,40985.394026417,0.260000000,0.000000000,0.007824057
1787850455.204533577,40985.494132459,0.260000000,0.000000000,0.007737990
1787850455.304296255,40985.593878593,0.260000000,0.000000000,0.006870558
1787850455.404233217,40985.693808241,0.260000000,0.000000000,0.006646779
1787850455.504450083,40985.794031809,0.260000000,0.000000000,0.007946869
1787850455.604301929,40985.893902266,0.260000000,0.000000000,0.008530925
1787850455.704300404,40985.993886862,0.260000000,0.000000000,0.008595700
1787850455.804365635,40986.093969318,0.260000000,0.000000000,0.007927060
1787850455.904479742,40986.194080729,0.260000000,0.000000000,0.006407931
1787850456.004560471,40986.294161126,0.260000000,0.000000000,0.004227658
1787850456.104422569,40986.394006306,0.260000000,0.000000000,0.001619114
1787850456.204355955,40986.493952004,0.260000000,0.000000000,-0.000832954
1787850456.304264784,40986.593864458,0.260000000,0.000000000,-0.003141629
1787850456.404397249,40986.693997674,0.260000000,0.000000000,-0.005393974
1787850456.504321575,40986.793922022,0.260000000,0.000000000,-0.007629469
1787850456.604250431,40986.893857250,0.260000000,0.000000000,-0.008325174
1787850456.704263926,40986.993844618,0.260000000,0.000000000,-0.008845453
1787850456.804334879,40987.093932767,0.260000000,0.000000000,-0.009296947
1787850456.904449940,40987.194035663,0.260000000,0.000000000,-0.010410310
1787850457.004486322,40987.294069448,0.260000000,0.000000000,-0.011285794
1787850457.104376793,40987.393959038,0.260000000,0.000000000,-0.011657149
1787850457.204388857,40987.493972186,0.260000000,0.000000000,-0.011703240
1787850457.304432869,40987.594014541,0.260000000,0.000000000,-0.012069895
1787850457.404254198,40987.693837135,0.260000000,0.000000000,-0.013977643
1787850457.504492998,40987.794095537,0.260000000,0.000000000,-0.015080667
1787850457.604288101,40987.893863682,0.260000000,0.000000000,-0.017842265
1787850457.704386234,40987.993969006,0.260000000,0.000000000,-0.023981355
1787850457.804693222,40988.094297173,0.260000000,0.000000000,-0.029152129
1787850457.904440880,40988.194024788,0.260000000,0.000000000,-0.033234268
1787850458.004162312,40988.293739611,0.260000000,0.000000000,-0.036561247
1787850458.104512930,40988.394100437,0.260000000,0.000000000,-0.040423512
1787850458.204369307,40988.493952615,0.260000000,0.000000000,-0.043520298
1787850458.304267168,40988.593850616,0.260000000,0.000000000,-0.044303555
1787850458.404352427,40988.693964634,0.260000000,0.000000000,-0.046460051
1787850458.504322290,40988.793906903,0.260000000,0.000000000,-0.049226314
1787850458.604272842,40988.893855540,0.260000000,0.000000000,-0.051835679
1787850458.704309940,40988.993890482,0.260000000,0.000000000,-0.054699481
1787850458.804315090,40989.093896021,0.260000000,0.000000000,-0.056571841
1787850458.904301643,40989.193900979,0.260000000,0.000000000,-0.057390474
1787850459.004303932,40989.293899758,0.260000000,0.000000000,-0.058675785
1787850459.104261160,40989.393846914,0.260000000,0.000000000,-0.060750663
1787850459.204427958,40989.494015145,0.260000000,0.000000000,-0.064719021
1787850459.304332018,40989.593903435,0.260000000,0.000000000,-0.069499679
1787850459.404112339,40989.693679535,0.260000000,0.000000000,-0.074443184
1787850459.504144907,40989.793714171,0.260000000,0.000000000,-0.080609694
1787850459.604251385,40989.893840399,0.260000000,0.000000000,-0.087340735
1787850459.704273701,40989.993857488,0.260000000,0.000000000,-0.092923768
1787850459.804227829,40990.093796010,0.260000000,0.000000000,-0.098560639
1787850459.904552698,40990.194161865,0.260000000,0.000000000,-0.103175186
1787850460.004426479,40990.294010169,0.260000000,0.000000000,-0.106712006
1787850460.104382277,40990.393969103,0.260000000,0.000000000,-0.109926611
1787850460.204514742,40990.494120195,0.260000000,0.000000000,-0.111425690
1787850460.304223299,40990.593794970,0.260000000,0.000000000,-0.112794824
1787850460.404363871,40990.693961108,0.260000000,0.000000000,-0.113629006
1787850460.504298687,40990.793888052,0.260000000,0.000000000,-0.114454828
1787850460.604177475,40990.893748349,0.260000000,0.000000000,-0.115895212
1787850460.704302073,40990.993886035,0.260000000,0.000000000,-0.115657680
1787850460.804320574,40991.093895505,0.260000000,0.000000000,-0.115517206
1787850460.904307604,40991.193886305,0.260000000,0.000000000,-0.115150571
1787850461.004450798,40991.294049697,0.260000000,0.000000000,-0.114522077
1787850461.104460478,40991.394043573,0.260000000,0.000000000,-0.113853596
1787850461.204303265,40991.493886933,0.260000000,0.000000000,-0.112872034
1787850461.304277658,40991.593858433,0.260000000,0.000000000,-0.110876471
1787850461.404338598,40991.693935398,0.260000000,0.000000000,-0.107084408
1787850461.504462957,40991.794069747,0.260000000,0.000000000,-0.102769792
1787850461.604471207,40991.894053419,0.260000000,0.000000000,-0.097385176
1787850461.704385757,40991.993975808,0.260000000,0.000000000,-0.091641396
1787850461.804414272,40992.093994371,0.260000000,0.000000000,-0.085959993
1787850461.904382706,40992.193966411,0.260000000,0.000000000,-0.080096245
1787850462.004418612,40992.294019838,0.260000000,0.000000000,-0.074444406
1787850462.104227066,40992.393799748,0.260000000,0.000000000,-0.068907604
1787850462.204414606,40992.494009302,0.260000000,0.000000000,-0.063732468
1787850462.304439783,40992.594038980,0.260000000,0.000000000,-0.058925826
1787850462.404284000,40992.693865232,0.260000000,0.000000000,-0.059649717
1787850462.504446268,40992.794031512,0.260000000,0.000000000,-0.062217876
1787850462.604458809,40992.894063378,0.260000000,0.000000000,-0.062550455
1787850462.704512358,40992.994106701,0.260000000,0.000000000,-0.059849367
1787850462.804399729,40993.093995146,0.260000000,0.000000000,-0.054842133
1787850462.904357433,40993.193969103,0.260000000,0.000000000,-0.048817020
1787850463.004556656,40993.294152815,0.260000000,0.000000000,-0.042574797
1787850463.104455948,40993.394038787,0.260000000,0.000000000,-0.036452316
1787850463.204503536,40993.494089240,0.260000000,0.000000000,-0.030485667
1787850463.304430962,40993.594029038,0.260000000,0.000000000,-0.024599794
1787850463.404747725,40993.694346000,0.260000000,0.000000000,-0.018784260
1787850463.504601240,40993.794196784,0.260000000,0.000000000,-0.013097544
1787850463.604382277,40993.893967537,0.260000000,0.000000000,-0.007737224
1787850463.704316616,40993.993899873,0.260000000,0.000000000,-0.002859647
1787850463.804478645,40994.094064939,0.260000000,0.000000000,0.001426106
1787850463.904415369,40994.193996237,0.260000000,0.000000000,0.005060306
1787850464.004627943,40994.294210872,0.260000000,0.000000000,0.008023942
1787850464.104297400,40994.393862629,0.260000000,0.000000000,0.010321211
1787850464.204517841,40994.494119759,0.260000000,0.000000000,0.011997428
1787850464.304414988,40994.594014505,0.260000000,0.000000000,0.013106279
1787850464.404513121,40994.694135788,0.260000000,0.000000000,0.013701487
1787850464.504616499,40994.794203736,0.260000000,0.000000000,0.013868425
1787850464.604391336,40994.893973725,0.260000000,0.000000000,0.013685869
1787850464.704524994,40994.994112397,0.260000000,0.000000000,0.013210315
1787850464.804433107,40995.094022814,0.260000000,0.000000000,0.012531112
1787850464.904480457,40995.194066456,0.260000000,0.000000000,0.011712576
1787850465.004318476,40995.293894404,0.260000000,0.000000000,0.010778083
1787850465.104499102,40995.394081141,0.260000000,0.000000000,0.009790381
1787850465.204440117,40995.494036815,0.260000000,0.000000000,0.008779043
1787850465.304357529,40995.593957594,0.260000000,0.000000000,0.007722855
1787850465.404552221,40995.694147704,0.260000000,0.000000000,0.006660456
1787850465.504674911,40995.794244413,0.260000000,0.000000000,0.005594924
1787850465.604454517,40995.894036103,0.260000000,0.000000000,0.004526320
1787850465.704474211,40995.994046457,0.260000000,0.000000000,0.003359003
1787850465.804508924,40996.094105278,0.260000000,0.000000000,0.002127331
1787850465.904303551,40996.193890947,0.260000000,0.000000000,0.000805494
1787850466.004472256,40996.294052935,0.260000000,0.000000000,-0.000795999
1787850466.104607344,40996.394205775,0.260000000,0.000000000,-0.002612566
1787850466.204586267,40996.494184803,0.260000000,0.000000000,-0.004901596
1787850466.304544210,40996.594142819,0.260000000,0.000000000,-0.007477432
1787850466.404446602,40996.694020705,0.260000000,0.000000000,-0.010242095
1787850466.504362583,40996.793948992,0.260000000,0.000000000,-0.012993636
1787850466.604364872,40996.893949730,0.259116888,0.000000000,-0.015806826
1787850466.704276800,40996.993846633,0.255015671,0.000000000,-0.018249292
1787850466.804559469,40997.094161491,0.248197377,0.000000000,0.012171900
1787850466.904500484,40997.194108919,0.243018076,0.000000000,0.048651621
1787850467.004503250,40997.294109238,0.236245245,0.000000000,0.090377592
1787850467.104492188,40997.394090603,0.228597581,0.000000000,0.130121440
1787850467.204429388,40997.494018400,0.221416488,0.000000000,0.166153327
1787850467.304336309,40997.593907727,0.214741737,0.000000000,0.195057005
1787850467.404402494,40997.693975957,0.209115714,0.000000000,0.216517657
1787850467.504144907,40997.793691129,0.203464165,0.000000000,0.230905220
1787850467.604483843,40997.894076521,0.198254645,0.000000000,0.240747675
1787850467.704619169,40997.994218842,0.192681551,0.000000000,0.246591210
1787850467.804266214,40998.093834269,0.185881495,0.000000000,0.248359293
1787850467.904316902,40998.193910771,0.178657740,0.000000000,0.247685224
1787850468.004310131,40998.293897768,0.170281589,0.000000000,0.244867444
1787850468.104372501,40998.393954866,0.161525026,0.000000000,0.240368456
1787850468.204679728,40998.494294271,0.152093470,0.000000000,0.233541712
1787850468.304502010,40998.594100360,0.142954037,0.000000000,0.225625709
1787850468.404608965,40998.694199026,0.133331180,0.000000000,0.215216205
1787850468.504580021,40998.794169523,0.124252640,0.000000000,0.203462958
1787850468.604513884,40998.894111803,0.115726784,0.000000000,0.190807387
1787850468.704691172,40998.994270550,0.107279897,0.000000000,0.177116081
1787850468.804740667,40999.094342955,0.099636294,0.000000000,0.163436249
1787850468.904331684,40999.193917134,0.092698716,0.000000000,0.150170431
1787850469.004450321,40999.294021086,0.085994765,0.000000000,0.136900172
1787850469.104440212,40999.394008024,0.080025613,0.000000000,0.124423020
1787850469.204584599,40999.494166084,0.074726261,0.000000000,0.113113552
1787850469.304783344,40999.594379177,0.069658771,0.000000000,0.102533579
1787850469.404419422,40999.694000278,0.065188497,0.000000000,0.093168177
1787850469.504448175,40999.794035227,0.060821205,0.000000000,0.084544234
1787850469.604521513,40999.894106623,0.056964599,0.000000000,0.077064291
1787850469.704584122,40999.994170114,0.053507682,0.000000000,0.070688508
1787850469.804386854,41000.093970806,0.050433088,0.000000000,0.065314658
1787850469.904434443,41000.194031342,0.047645636,0.000000000,0.060746353
1787850470.004510880,41000.294112375,0.044798948,0.000000000,0.056415979
1787850470.104583263,41000.394164992,0.042167578,0.000000000,0.052515499
1787850470.204499483,41000.494079929,0.039453786,0.000000000,0.048681643
1787850470.304411411,41000.593988203,0.036985874,0.000000000,0.045214970
1787850470.404527664,41000.694111098,0.000000000,0.000000000,0.000000000
1787850470.504492760,41000.794071530,0.000000000,0.000000000,0.000000000
1787850470.604613304,41000.894196498,0.000000000,0.000000000,0.000000000
1787850470.704534292,41000.994136102,0.000000000,0.000000000,0.000000000
1787850470.804483652,41001.094077104,0.000000000,0.000000000,0.000000000
1787850470.904422760,41001.194003855,0.000000000,0.000000000,0.000000000
1787850471.004423141,41001.294009083,0.000000000,0.000000000,0.000000000
1787850471.104607344,41001.394205800,0.000000000,0.000000000,0.000000000
1787850471.204679728,41001.494261836,0.000000000,0.000000000,0.000000000
1787850471.304556847,41001.594149217,0.000000000,0.000000000,0.000000000
1787850471.404625416,41001.694216397,0.000000000,0.000000000,0.000000000
1787850471.504765749,41001.794346682,0.000000000,0.000000000,0.000000000
1787850471.604699373,41001.894297428,0.000000000,0.000000000,0.000000000
