wall_time,wall_elapsed_s,sim_time,x,y,yaw
1787251391.1437123,3.5323387579992414,33.299,-8.360898464927859,0.0004998200452862045,0.01592260089648274
1787251391.975612,4.364238262991421,33.741,-8.246335864545017,0.005680043749318825,0.08472082208429635
1787251391.987466,4.376092231977964,33.809,-8.228772158922448,0.007264095545701405,0.09867285525140794
1787251391.9985824,4.38720827299403,33.877,-8.211235032242254,0.009098191051056243,0.11330771078480169
1787251392.0082893,4.3969153389916755,33.945,-8.19372829603339,0.011191822735243027,0.1283784641675114
1787251392.0168798,4.405505709000863,34.013,-8.176257125390078,0.01355245486729465,0.1439614950332798
1787251392.0242183,4.412844129983569,34.081,-8.158826852434993,0.016188512917790217,0.15999314755906072
1787251392.5776658,4.966292822995456,34.387,-8.081030861370701,0.03158768135202026,0.23527532183661776
1787251392.7219715,5.110597953986144,34.489,-8.055388328747313,0.038035864660126935,0.2611239633060351
1787251392.7350423,5.123668803978944,34.557,-8.038389448932472,0.04270404311499139,0.2784336087433015
1787251393.0930588,5.481685482984176,34.795,-7.979578077316767,0.06134811488803072,0.3388441609096833
1787251393.1169882,5.5056142359972,34.863,-7.962989831489139,0.06732367501685718,0.3559130623793771
1787251393.403141,5.791768103983486,35.067,-7.913859791563875,0.0869269555962348,0.4062602750786706
1787251394.1820574,6.570684082980733,35.475,-7.824485191475476,0.12957683202319212,0.4779823744570102
1787251394.1956236,6.584250768995844,35.543,-7.80885544873752,0.13779246332338596,0.4933641622074367
1787251394.2067034,6.595329904987011,35.611,-7.793395556839558,0.1462699264775715,0.513678139296758
1787251394.2172263,6.6058528119756375,35.679,-7.778121258663168,0.15506892325751406,0.5353545707170486
1787251394.2265172,6.615143795992481,35.747,-7.763042753911392,0.16419872951129416,0.5571175194912458
1787251394.3731275,6.761753973987652,35.883,-7.733480998267817,0.1834138008371194,0.5987017553605605
1787251394.7207615,7.1093875949736685,36.087,-7.690609534771737,0.21441322686037886,0.6552610509903923
1787251394.7284179,7.117043859994737,36.155,-7.67667658768883,0.22528783810184222,0.6730140017053521
1787251395.078563,7.467188873997657,36.393,-7.629254843415856,0.2648841897771794,0.7177561512136769
1787251395.1519537,7.540580411994597,36.461,-7.616006717712323,0.2765578010133796,0.7286227953030499
1787251395.3718643,7.760490907996427,36.631,-7.583430434937427,0.3063512003603592,0.7545404779991162
1787251395.384889,7.773515374981798,36.699,-7.570621682961546,0.3185040027994949,0.7660158795243026
1787251396.084239,8.472866609983612,37.073,-7.503076985020563,0.3882159431099662,0.8385227154393297
1787251396.097574,8.486200431972975,37.141,-7.491342095359184,0.40140466380632533,0.8510254077998054
1787251396.1092641,8.497890377999283,37.209,-7.479768978334992,0.41473751106118056,0.8630022840961065
1787251396.1195269,8.508153051981935,37.277,-7.468354722954136,0.4282075052985147,0.8748920182920961
1787251396.1934278,8.582054545986466,37.345,-7.4571021405109805,0.441812866953335,0.886871917424793
1787251396.3460991,8.734725986985723,37.481,-7.435084824891455,0.46941924401734003,0.9103882383046599
1787251396.6939838,9.082610684999963,37.685,-7.403257361922602,0.5117585607848514,0.94362852082101
1787251398.4949017,10.88352823499008,38.773,-7.259730691211232,0.7545292899619958,1.1398281947569793
1787251398.5072184,10.895844482991379,38.841,-7.252433458043706,0.7705998462089027,1.1519200729520136
1787251398.5182128,10.90683915198315,38.909,-7.245322084498134,0.7867567857002352,1.1628270434428358
1787251398.528431,10.917057096987264,38.977,-7.238374986853937,0.8029903978795202,1.1719073440286807
1787251398.53693,10.925555929978145,39.045,-7.231562999282591,0.8192859181354242,1.1794648159595431
1787251398.5448391,10.93346500498592,39.113,-7.224865902243672,0.8356327256428173,1.1857233100733064
1787251398.5523129,10.94093859498389,39.181,-7.218256170964099,0.8520207804066463,1.1898420530480796
1787251398.55895,10.947575714992126,39.249,-7.211701445254955,0.8684351395191822,1.1922746319364976
1787251398.565056,10.95368164399406,39.317,-7.205174776707789,0.8848655127444947,1.192886176289819
1787251398.570069,10.958694516972173,39.385,-7.198643028254675,0.9012998920816482,1.1914992102429158
1787251399.4099202,11.798546882986557,39.827,-7.153449065018931,1.0071420072053627,1.1258261097798792
1787251399.4232118,11.811838067980716,39.895,-7.145713674836216,1.0230920807744002,1.1085329643211708
1787251399.6349995,12.02362645699759,40.031,-7.129370194847901,1.0545602672667262,1.0698760316856923
1787251399.650512,12.039138306980021,40.099,-7.120726342883725,1.0700443300094986,1.0485750942986163
1787251400.346021,12.734647235978628,40.473,-7.067830051623616,1.1501641585621105,0.9173745151961397
1787251400.358965,12.747591195977293,40.541,-7.057483279746846,1.163403438030606,0.8927368301932916
1787251400.369027,12.75765305699315,40.609,-7.046845064254428,1.1763458257724,0.8681681332271843
1787251400.3786364,12.767262668989133,40.677,-7.035960141650474,1.1889437891005306,0.8436955792828331
1787251400.6567228,13.045349399995757,40.847,-7.0074793069518355,1.2191901925988091,0.7830475816414179
1787251400.8744168,13.26304345097742,41.017,-6.977089045435472,1.247793464315671,0.7233038120818523
1787251400.887436,13.276062289980473,41.085,-6.964375934351462,1.2587974485394557,0.6996846118550198
1787251401.0321565,13.420783311972627,41.187,-6.944642755677729,1.2748854752098753,0.6645644429540496
1787251401.3837078,13.772333953995258,41.391,-6.902851275555233,1.3054605004342823,0.5954653554663222
1787251401.3967063,13.785332483996172,41.459,-6.888196596950567,1.3151863975248599,0.5727676195013868
1787251401.749865,14.138491462974343,41.697,-6.8348290787953605,1.3468640088474784,0.4957101826070801
1787251401.8936388,14.282265506975818,41.799,-6.811248742434912,1.3591880801857736,0.46401293589919407
1787251401.9687493,14.357375947991386,41.867,-6.795319327772262,1.3669907426985395,0.44349584854971374
1787251402.2498155,14.638442102994304,42.037,-6.754841112620085,1.3850826225160675,0.3940935469137048
1787251402.262378,14.651004255982116,42.105,-6.738412920313516,1.3917643480611521,0.37512104325702383
1787251402.2735124,14.662138775980566,42.173,-6.721863089186023,1.3981363707973682,0.35657776086013465
1787251402.8974094,15.286036336998222,42.513,-6.637553669889156,1.4255085840716368,0.26955560228916975
1787251402.9099553,15.29858158598654,42.581,-6.620430139347437,1.4301199742571278,0.2532735056440769
1787251402.9212215,15.309847753000213,42.649,-6.603234894249395,1.4344551459281443,0.23740408304275215
1787251403.1387005,15.527327696996508,42.819,-6.559974137862758,1.4441207729121168,0.1993025469042619
1787251403.1516175,15.540244027972221,42.887,-6.542575543807406,1.447530854959012,0.18461722408360698
1787251403.9782765,16.36690327199176,43.329,-6.428538073693191,1.463770209739037,0.0976165458018058
1787251403.9915247,16.38015073898714,43.397,-6.410890543190063,1.4654156529492879,0.08544758791221845
1787251404.003238,16.391864294972038,43.465,-6.393225657247885,1.4668491220765116,0.07369313965306629
1787251404.01284,16.401466004987014,43.533,-6.375545993778837,1.4680763672155066,0.06214051074065836
1787251404.3667006,16.755327117978595,43.771,-6.313591386999027,1.4708154410284988,0.024239208264871418
1787251404.5791128,16.967739095998695,43.907,-6.278162366699178,1.471360840730649,0.00423867215978815
1787251404.5919962,16.980622647999553,43.975,-6.2604472725666245,1.4713731378387802,-0.005250018332418291
1787251404.602678,16.991304342984222,44.043,-6.242733794635768,1.4712189606682415,-0.014474877583220774
1787251404.885724,17.274350895982934,44.247,-6.189618957970706,1.469817668534238,-0.040042577984205296
1787251405.2464168,17.635043659975054,44.485,-6.1277292761727145,1.4665751069671757,-0.06578057135231971
1787251405.3904517,17.77907873899676,44.587,-6.10123704052621,1.4647229173986651,-0.07537559808964367
1787251405.404022,17.792648255999666,44.655,-6.0835870758642265,1.4633503778368908,-0.08135004442486804
1787251405.8960447,18.284671422996325,44.961,-6.004282268451478,1.4560203845205169,-0.10301224830152461
1787251405.908626,18.297252706979634,45.029,-5.986684178822403,1.4541758741011197,-0.10674839950248696
1787251405.9197676,18.308393636980327,45.097,-5.969094041833044,1.4522692475153205,-0.11001996611996238
1787251406.4028897,18.79151633597212,45.369,-5.898798904511516,1.4441493231397593,-0.11972795571114346
1787251406.6223133,19.01093972797389,45.505,-5.863682142217747,1.4398773004577974,-0.12248024059794926
1787251406.6352706,19.023896947997855,45.573,-5.846129490101857,1.4377106835000166,-0.12333371301922848
1787251406.6455603,19.034186637989478,45.641,-5.828579981607631,1.4355310853448582,-0.12393620159841261
1787251407.1399117,19.52853863997734,45.947,-5.749624874622318,1.4256852330367848,-0.1232197573265328
1787251407.1558824,19.544509183993796,46.015,-5.732078468392602,1.423517237461467,-0.12243318552807086
1787251407.1711533,19.559779560979223,46.083,-5.714530898154339,1.4213644136295303,-0.12142170675461669
1787251407.3826997,19.77132619198528,46.219,-5.679429957606663,1.4171196229335976,-0.11877461026717166
1787251407.3954315,19.784057575976476,46.287,-5.662968598652145,1.415170193490771,-0.11425002467389511
1787251407.743752,20.132378630980384,46.491,-5.640394604992253,1.4129592136967843,-0.051682445197085716
1787251408.8259983,21.214625114982482,47.341,-5.63118789092703,1.4178188316353637,0.5151728945022364
1787251409.2525456,21.641172043979168,47.613,-5.604796962545052,1.4345696043628768,0.6164989738501502
1787251409.2718637,21.660490007983753,47.715,-5.59492364631154,1.4418109955904752,0.652899154781882
1787251409.6298728,22.018499311991036,47.987,-5.5687721848235885,1.4637547344746855,0.7450415288319778
1787251409.7730172,22.161643792991526,48.089,-5.558977821103766,1.4730549739333194,0.7775767082247952
1787251409.7905524,22.179178370977752,48.191,-5.549263663858161,1.4828895177527674,0.809000798273536
1787251410.140376,22.529002883995418,48.395,-5.530708984841026,1.5034370929423968,0.8653915670033571
1787251410.2850504,22.67367698997259,48.497,-5.521015951915569,1.5150851267404697,0.8933001631175409
1787251410.2992938,22.687920475000283,48.565,-5.5145754247391565,1.5232381414722447,0.9158381795946505
1787251411.1348894,23.52351590397302,49.041,-5.466228422331875,1.5991036024813994,1.0828892372379206
1787251411.1472886,23.535914964973927,49.109,-5.458229917054121,1.6145091283314634,1.1044795529059237
1787251411.1584187,23.547044967999682,49.177,-5.450408821957321,1.6303140664922067,1.1211700976628578
1787251411.168537,23.557163097982993,49.245,-5.442921612585281,1.6460440182190903,1.1362940220604236
1787251411.249128,23.637754782976117,49.347,-5.432091251139806,1.67020151945522,1.1642959795652412
1787251411.3976395,23.786266252980568,49.483,-5.418300896641115,1.7027431735401146,1.1721157926992778
1787251412.2916906,24.68031690598582,49.959,-5.366832847772557,1.8154593598540947,1.1011662071379522
1787251412.304556,24.69318243098678,50.027,-5.358748682411463,1.8312119885235152,1.0867239466947745
1787251412.3166206,24.705246680998243,50.095,-5.350350549226887,1.8468381681153716,1.0627112569180388
1787251412.326867,24.715493899973808,50.163,-5.341553539384005,1.8622533370657062,1.0354014183685012
1787251412.4046087,24.79323530200054,50.265,-5.328047078065377,1.8841443125294326,0.9950499763457447
1787251412.8965077,25.285134412988555,50.571,-5.285475788471867,1.942600468177457,0.8814498615350884
1787251412.9110801,25.29970646998845,50.639,-5.275497116178117,1.9545287974004646,0.863981274778964
1787251413.4726055,25.861231755989138,50.979,-5.222894082588188,2.0095867911110408,0.7426604571113926
1787251413.4851713,25.87379791899002,51.047,-5.211533462380596,2.0198002666321124,0.7177996808322904
1787251413.495821,25.8844471059856,51.115,-5.1998234771152685,2.0298174847078485,0.6935335980216503
1787251413.5057538,25.894379975972697,51.183,-5.187810422514151,2.039603403580607,0.6698736158833815
1787251413.7873027,26.175929076998727,51.353,-5.156380276489139,2.0631542909151257,0.6132649572537331
1787251414.1430018,26.531628501979867,51.591,-5.109413296256915,2.0937515063569725,0.5392410784789492
1787251414.287911,26.67653731399332,51.693,-5.088349972592334,2.105968987074484,0.5089843995576087
1787251414.3011394,26.689765754999826,51.761,-5.073945947185602,2.1138511734774657,0.48920294440490186
1787251414.4484942,26.837120208976557,51.897,-5.044917038443807,2.1286512780826636,0.45033704598265184
1787251414.661004,27.04963057799614,52.033,-5.014540320231772,2.142642185199131,0.4092788533141398
1787251415.1521547,27.54078114099684,52.339,-4.941353922552785,2.170475774729028,0.3165297710857966
1787251415.1647532,27.553380336990813,52.407,-4.924455497606043,2.175872392114917,0.2983557090319078
1787251415.1758296,27.56445574699319,52.475,-4.907462167055571,2.180964624675415,0.28048445106297243
1787251415.5293696,27.917996072996175,52.679,-4.8747885459096585,2.1893573572958225,0.22003230297829446
1787251415.54771,27.93633612699341,52.781,-4.8631950717347925,2.1920110044940704,0.24100304553435264
1787251415.8984506,28.28707709797891,52.985,-4.8423738604244235,2.197981473456598,0.3225625453593652
1787251415.9807887,28.369414829998277,53.087,-4.8319293316738,2.201696036139144,0.36523918484163553
1787251416.2630334,28.651660074974643,53.257,-4.814471404195511,2.2089857787392417,0.4289856688592085
1787251416.282999,28.671625427989056,53.359,-4.80400264616956,2.2140019894978624,0.4691708618680917
1787251416.777921,29.16654761999962,53.665,-4.772318997477994,2.2322930739774702,0.5827049007212628
1787251416.795699,29.184325249982066,53.767,-4.7617877507656665,2.2394959714782687,0.620920360178933
1787251417.1431289,29.531755348987645,53.971000000000004,-4.740141870601947,2.256162595482899,0.6933753095391839
1787251417.4939618,29.88258817300084,54.175,-4.718126282853649,2.275696732699662,0.7596921061662084
1787251417.5080793,29.89670570800081,54.243,-4.710735411951182,2.282839729117723,0.7803882070548711
1787251417.5246243,29.913250558980508,54.345,-4.700321690832725,2.293393656526948,0.8039576911469372
1787251417.6029048,29.991531182982726,54.447,-4.688646767408961,2.3058211372314448,0.8338680048798047
1787251417.8892922,30.277918704989133,54.651,-4.663586018256689,2.3354074607241166,0.9054375562083551
1787251418.3859677,30.77459433299373,54.957,-4.6197307675762564,2.3969872812615964,0.9897929444895225
1787251418.3983524,30.786978723976063,55.025,-4.6102002931834285,2.411755464971549,1.0101483082943223
1787251418.4095783,30.79820411998662,55.093,-4.600893408888871,2.426767524996273,1.0219761948564714
1787251418.893335,31.281961411994416,55.365,-4.563630047554332,2.4869108504865083,1.002335718837001
1787251418.9060113,31.294637718994636,55.433,-4.55409980835255,2.5018091408170973,1.0003924844588004
1787251419.6030393,31.991666132991668,55.841,-4.492694089628976,2.5884894362510282,0.8932301149499295
1787251419.6165981,32.005224177992204,55.909,-4.481444915356621,2.6021940646895767,0.8686663196750709
1787251419.6276414,32.01626758798375,55.977,-4.469895924791088,2.615574195201273,0.8454765179871006
1787251419.6376643,32.02629048097879,56.045,-4.458112574863236,2.628723972732417,0.8332579894335425
1787251419.6475978,32.0362237689842,56.113,-4.4461678211731135,2.641689074710927,0.8147486130917884
1787251419.6561077,32.04473360200063,56.181,-4.434238939508505,2.6540911408170165,0.7897600777624701
1787251420.0038393,32.39246640398051,56.385,-4.398073376519361,2.6879883824553596,0.7124832864746404
1787251420.355106,32.74373254898819,56.589,-4.3598109064188115,2.718836473314025,0.6418399337354181
1787251420.3678184,32.75644447497325,56.657,-4.346606775239671,2.7285144800512917,0.6197751698044849
1787251420.651453,33.04007951298263,56.861,-4.3058912588457074,2.755761886927202,0.5572760862393464
1787251420.8709328,33.25955990399234,57.031,-4.270819597734157,2.7765140727523248,0.5086801125093283
1787251420.8839493,33.27257571899099,57.099,-4.256525638802911,2.7843373924809685,0.48995600034471753
1787251421.3022277,33.69085480799549,57.337,-4.204910997794759,2.8096158041790766,0.4183927998302852
1787251421.7954483,34.18407486198703,57.643,-4.134160509321832,2.8369509542469737,0.31223223666072164
1787251421.8090217,34.197648314991966,57.711,-4.117269469808745,2.842246049199935,0.2916613266757601
1787251421.8199646,34.20859082497191,57.779,-4.1002396242779815,2.8472192996739376,0.2733617044956889
1787251421.8926525,34.28127914198558,57.847,-4.0831734634861965,2.851872674909076,0.25490015630738705
1787251422.1833172,34.5719436739746,58.051,-4.031359467907773,2.863937791182667,0.201232475628976
1787251422.7431407,35.1317672469886,58.391,-3.9438254084385567,2.8777469005664575,0.11127068991015297
1787251422.7567632,35.14538930199342,58.459,-3.9289938867548293,2.879282573021941,0.08831262148978908
1787251422.7678628,35.15648878298816,58.527,-3.9167719868545854,2.8802556905058396,0.06547134024543189
1787251422.7771513,35.16577719899942,58.595,-3.9058122972027447,2.8809248548705564,0.056428235952864725
1787251422.9900498,35.37867658599862,58.731,-3.8879643590772086,2.8821238344312947,0.09264875969574447
1787251423.489169,35.877796324988594,59.071,-3.8452991866600104,2.888797134459273,0.22353531990639003
1787251423.5110338,35.89966055197874,59.173,-3.8320837129676133,2.8920809641394842,0.2663302455756654
1787251423.7261941,36.114820698974654,59.309,-3.813747864475931,2.8975798791251055,0.31770503394130767
1787251424.2955935,36.68421994999517,59.683,-3.7608105652783377,2.918874569979824,0.4491627505383369
1787251424.3094852,36.69811169998138,59.751,-3.7506313320410345,2.9239377817873713,0.472274162547565
1787251424.8008986,37.1895254389965,60.057,-3.702497793033669,2.9515448685206276,0.5713839521995543
1787251424.8138306,37.2024567379849,60.125,-3.691075625674007,2.9590216623193735,0.5943099541369482
1787251424.824917,37.21354303698172,60.193,-3.6794952794747617,2.967038944015531,0.6172245095212764
1787251424.8986392,37.287266132974764,60.261,-3.6669842570251423,2.976084978923054,0.6383351915060389
1787251425.3290267,37.717653381987475,60.533,-3.614134151426054,3.0188162059273216,0.720994866003018
1787251425.342306,37.73093286799849,60.601,-3.601022409243351,3.0305131387989523,0.7381806380068697
1787251425.3540146,37.74264088898781,60.669,-3.5881113653301546,3.0424056100975707,0.752555473055033
1787251425.7719069,38.160533170972485,60.907,-3.5439736626999907,3.0851350427248994,0.7821061637420095
1787251425.7844844,38.17311059299391,60.975,-3.531533096780354,3.097525580651003,0.7848266539307968
1787251425.9262109,38.31483704599668,61.077,-3.512885405504342,3.1161648280914878,0.7846177655809358
1787251426.0033426,38.39196916599758,61.145,-3.500436902197066,3.1285761026130907,0.7823032004487561
1787251426.159546,38.5481729079911,61.281,-3.475357106874364,3.15330055263576,0.7720252057220618
1787251426.2354844,38.62411106197396,61.349,-3.462683933288613,3.165564040019763,0.7646292457038247
1787251426.4556444,38.84427072899416,61.519,-3.4304866030357863,3.19578597078769,0.7401666509962593
1787251426.467958,38.856584508990636,61.587,-3.417351680764783,3.207668839683807,0.7283275201460664
1787251426.7505264,39.13915302499663,61.757,-3.3838117969237906,3.2366799198016465,0.694834461400144
1787251426.971129,39.35975544899702,61.927,-3.349145030197907,3.2645811530728914,0.657687647249587
1787251426.9836977,39.37232403300004,61.995,-3.334953640881378,3.2754001015792467,0.6421786330982955
1787251427.3357122,39.724339026986854,62.199,-3.292075932208431,3.3067647762652026,0.6100094871652973
1787251427.3483374,39.73696404497605,62.267,-3.2776000478179745,3.3166429379834783,0.5827070756025284
1787251427.6960347,40.084660862979945,62.471,-3.232916085615134,3.344014614778436,0.5167894652345884
1787251427.7100089,40.098635917995125,62.539,-3.218314138392211,3.3521385338551735,0.49511030296922026
1787251427.859103,40.24773058498977,62.675,-3.1892449135424097,3.3671538888742165,0.45309957832539605
1787251427.9346552,40.323281767981825,62.743,-3.1745869145146135,3.374124289022789,0.43189909982746805
1787251428.3627217,40.75134823299595,63.015,-3.117119719381069,3.397741488113695,0.3388753087488958
1787251428.3772564,40.76588271299261,63.083,-3.1027928680798915,3.4025896261182345,0.30829867454467563
1787251428.453183,40.84180936199846,63.151,-3.087736342817656,3.407215142137968,0.28397868690149497
1787251428.6003053,40.988931242987746,63.287,-3.057366437396771,3.4155108963152623,0.24470658174664156
1787251428.8079064,41.19653270099661,63.423,-3.0305912657570646,3.421687929519162,0.19794671682507786
1787251428.8211362,41.20976285499637,63.491,-3.0191715853162258,3.423873970506115,0.1764922587715472
1787251429.1722462,41.56087254398153,63.695,-2.9836318664103834,3.4294700762219765,0.13287452757769166
1787251429.185969,41.57459569798084,63.763,-2.971604830313493,3.4310067461688836,0.11800230946387326
1787251429.8854508,42.2740772489924,64.171,-2.901115936700986,3.4358568451031277,0.010930703901958593
1787251429.89767,42.28629661197192,64.239,-2.8887827488415194,3.4359167475249754,-0.005549776704964343
1787251429.9087303,42.29735654097749,64.307,-2.8763780050796783,3.435773572926233,-0.02202484502844848
1787251429.9188554,42.30748167398269,64.375,-2.8639644709188863,3.43542454497777,-0.038812531558085624
1787251430.2666478,42.655274304997874,64.579,-2.8265098891219953,3.4330784211751864,-0.09194867374513016
1787251430.2792492,42.66787549899891,64.647,-2.814294682806663,3.4318719420396553,-0.11069519367735446
1787251430.966739,43.3553645319771,65.055,-2.7358650473591086,3.419283775996805,-0.20874146483842038
1787251430.9745624,43.36318843299523,65.123,-2.7229068665110194,3.416471525114507,-0.22300999681235065
1787251430.9818573,43.37048309898819,65.191,-2.7100454216204026,3.4134777324539693,-0.23961407080347685
1787251431.0539432,43.442569793987786,65.259,-2.6970849282430085,3.4102466624827925,-0.25257433161792553
1787251431.2075222,43.59614852099912,65.395,-2.67127082235602,3.4032521393438224,-0.27664325132577056
1787251431.900948,44.28957503699348,65.769,-2.5900553967384528,3.377551615297625,-0.34527684693953775
1787251431.9148827,44.303510105994064,65.837,-2.5733543251843316,3.371445578068936,-0.35846710883075045
1787251431.9263191,44.31494516899693,65.905,-2.556870627675938,3.365183138535504,-0.37128749494986046
1787251431.9367957,44.325421585992444,65.973,-2.5403450332407562,3.3586492037484694,-0.3847826645175595
1787251432.2854917,44.67411824397277,66.177,-2.4910513758421042,3.3379804903700183,-0.40496574326304485
1787251432.3600223,44.74864886997966,66.245,-2.47486058474301,3.3309931272842435,-0.41226905423696764
1787251432.4406881,44.829314883972984,66.347,-2.450755969766229,3.3202681611015006,-0.4267306470514335
1787251432.801374,45.19000101200072,66.585,-2.3984005471365553,3.2958909614911094,-0.4388819126574081
1787251432.8775625,45.26618918098393,66.653,-2.3853498689638095,3.289769331651853,-0.4390381797641619
1787251433.0284495,45.417075751000084,66.789,-2.3603254088392913,3.2779360578386036,-0.4463031930345184
1787251433.4469154,45.83554159398773,67.027,-2.318515473043387,3.257727431469925,-0.45150789879958403
1787251433.4604337,45.84905978097231,67.095,-2.3072108415217447,3.2522397965001497,-0.4523471590476637
1787251433.47137,45.85999608799466,67.163,-2.2959879864620447,3.2467923795431277,-0.4513881424684102
1787251433.6894388,46.078065357985906,67.333,-2.2658090492226055,3.2322995384907274,-0.4400307871001264
1787251434.4591675,46.847794047993375,67.775,-2.19543622401962,3.200263429466051,-0.42308810178849793
1787251434.472402,46.86102855898207,67.843,-2.185180600335254,3.1956538574930353,-0.4215489007601743
1787251434.483611,46.87223711598199,67.911,-2.1745918592933666,3.19092459115182,-0.4168198351947712
1787251434.4936607,46.88228649698431,67.979,-2.1634477644004995,3.186014625588097,-0.41222602396891067
1787251434.5023768,46.8910025919904,68.047,-2.1521103264514645,3.181072793969923,-0.409279043847176
1787251434.5815291,46.970155860995874,68.149,-2.1351126599481236,3.173827593729782,-0.3929688294951159
1787251435.2811666,47.66979326799628,68.557,-2.070446604438428,3.1477933858026304,-0.3716092581467392
1787251435.294401,47.683027316990774,68.625,-2.0589129168453,3.1432950657472496,-0.3673853349852883
1787251435.3060122,47.69463836099021,68.693,-2.04648020018357,3.138580327220166,-0.35534302109549626
1787251435.5159853,47.904611922975164,68.829,-2.022124484347731,3.1297995587865746,-0.3388079754189755
1787251435.5288105,47.91743647897965,68.897,-2.0099422571398455,3.1254876640611378,-0.3349821446023022
1787251436.425784,48.81441088099382,69.373,-1.9237015716633248,3.097483126221819,-0.29022465629068706
1787251436.437952,48.82657805798226,69.441,-1.9103129898733724,3.0935485414811286,-0.282667676005115
1787251436.4481306,48.83675666397903,69.509,-1.8965252590480646,3.0895607680076425,-0.27550796002433214
1787251436.4580772,48.84670302897575,69.577,-1.8824310525646364,3.085613153252896,-0.2676474393515515
1787251436.467095,48.8557207119884,69.645,-1.868132937560047,3.0816348277965657,-0.26098675477982053
1787251436.6135676,49.00219424799434,69.781,-1.8394176294003552,3.0743397244772273,-0.2354849581231692
1787251437.2379193,49.626545993989566,70.121,-1.7683480433079828,3.0582043311317193,-0.2091478261781865
1787251437.2509837,49.63960997899994,70.189,-1.7536753555031481,3.055150205784234,-0.19927132041669407
1787251437.261626,49.65025243698619,70.257,-1.7390925904062118,3.0522684770334743,-0.1866638334062446
1787251437.612817,50.00144365799497,70.495,-1.6849608593965633,3.0426112129942124,-0.16605121954488317
1787251437.625455,50.014081023982726,70.563,-1.667434272231321,3.0397517264098117,-0.15795713555637608
1787251438.59969,50.98831667698687,71.107,-1.5269786170640884,3.0218190845476944,-0.1024343687663606
1787251438.6120498,51.000676239986205,71.175,-1.5094296779321157,3.0200609055253596,-0.09858562890256677
1787251438.623172,51.01179813998169,71.243,-1.491908094189857,3.0183231445999352,-0.09486929678729067
1787251438.632948,51.021573798992904,71.311,-1.47437241229757,3.0167068248788085,-0.09117157540152242
1787251438.642491,51.031117234990234,71.379,-1.4568167492001167,3.015087660250154,-0.08739368861982508
1787251438.6514425,51.04006822599331,71.447,-1.4392338400192681,3.013608691168285,-0.08339777690388127
1787251439.218044,51.60667064099107,71.787,-1.3512343163744156,3.007091179623658,-0.06277656996519715
1787251439.2313306,51.61995673697675,71.855,-1.3336072445515428,3.005992219586637,-0.05862687991918008
1787251439.586571,51.97519736198592,72.093,-1.2718816764825427,3.0027807867101197,-0.044066872273684894
1787251439.7314534,52.120079742977396,72.195,-1.2454090967698024,3.0016849679039392,-0.037837983369973384
1787251439.7453322,52.1339583019726,72.263,-1.2277616314280597,3.001060313551398,-0.033768605956824446
1787251439.9622858,52.35091208099038,72.433,-1.1836143666645218,2.9997478813579237,-0.02380883891696171
1787251440.3251212,52.713747701985994,72.671,-1.1217886085526059,2.998663879329591,-0.010757002469921775
1787251440.4014094,52.79003578799893,72.739,-1.1041203825740054,2.99849312648091,-0.0072766943622609125
1787251440.5517328,52.940359195985366,72.875,-1.068781006743268,2.998337051694492,-0.0005258790181197226
1787251440.8319373,53.22056365097524,73.045,-1.0246053303733176,2.998483471893717,0.007446667717158299
1787251440.8452446,53.233870948984986,73.113,-1.0069345019129374,2.9986263060285867,0.010494489373168735
1787251440.8564525,53.24507841398008,73.181,-0.9892632077348247,2.9988326011623903,0.013431077500351152
1787251441.3428028,53.73142993697547,73.453,-0.9185854660254652,3.0001464432329983,0.024063497699489993
1787251441.3559773,53.74460337398341,73.521,-0.9009167363460775,3.0005802354588407,0.026438902869347598
1787251441.367477,53.75610309798503,73.589,-0.8832482019606043,3.0010811298341866,0.028744886462442318
1787251441.8526363,54.24126298297779,73.861,-0.8125872662196141,3.0033842512452797,0.037375563139908155
1787251441.8654141,54.25404073897516,73.929,-0.7949249892492974,3.004057890580306,0.039386889042438374
1787251441.8795147,54.26814085699152,73.997,-0.7772641796534319,3.004766765920753,0.04136767870465987
1787251442.0931425,54.48176913399948,74.133,-0.7419478454795776,3.006288359296281,0.04527811934292494
1787251442.4505408,54.83916748597403,74.371,-0.6801570722223208,3.0092847949815815,0.05229889901020087
1787251442.4638991,54.85252544298419,74.439,-0.6625065473177064,3.0102230840950264,0.05450807769911415
1787251442.8175497,55.20617638598196,74.677,-0.600755569950472,3.013836930581245,0.06348800645035436
1787251442.8310478,55.2196739409992,74.745,-0.5831213818176761,3.01497747752873,0.0665228385265174
1787251443.1848059,55.573432546982076,74.983,-0.5214437742968444,3.0194396214552692,0.07952128985633039
1787251443.198849,55.58747549398686,75.051,-0.5038354993670233,3.0208721047009894,0.08405715536127388
1787251443.3512862,55.7399129109981,75.187,-0.4686431419499973,3.0239936466738877,0.09444956190641939
1787251443.5626938,55.95132005299092,75.323,-0.4334924828097163,3.0275081769862044,0.10670185781914239
1787251443.5756981,55.96432466697297,75.391,-0.41593830870079235,3.0294335298920405,0.11362344824816933
1787251443.9219701,56.31059672299307,75.595,-0.36338964644922983,3.0360071590277364,0.13798411442285233
1787251444.064398,56.45302487697336,75.697,-0.337190305268363,3.0398022899710235,0.1521239714780772
1787251444.078241,56.46686741799931,75.765,-0.31975681854068677,3.0425430108035525,0.1622343776666086
1787251444.7770252,57.165651617979165,76.173,-0.21592307674343672,3.063104226663565,0.23458189387950007
1787251444.7902625,57.1788890530006,76.241,-0.198493067785447,3.067368542171991,0.24825899690622485
1787251444.8028376,57.19146382098552,76.309,-0.18138816222957954,3.0717957239300544,0.2608583957844916
1787251444.81346,57.202086938981665,76.377,-0.16437348149529127,3.0764368647391125,0.27446768592708914
1787251445.0238,57.41242597598466,76.513,-0.13048958261199547,3.0863734582788407,0.29936422976689864
1787251445.0369856,57.425611913000466,76.581,-0.11360349058825742,3.0916595891907157,0.30979029436810285
1787251445.3878825,57.77650922400062,76.785,-0.06340731341923168,3.1087061820030546,0.3455062866062851
1787251445.942791,58.331417328998214,77.091,0.010863090089662854,3.137135574135948,0.3870729802613121
1787251445.9554265,58.34405281097861,77.159,0.02719588173021956,3.1439326928141336,0.4017450935684779
1787251445.966972,58.35559816798195,77.227,0.04340131518983609,3.150888559187563,0.41576001053981415
1787251445.9773319,58.36595804299577,77.295,0.05952518817848022,3.1581479024078836,0.4298131238685909
1787251446.1881773,58.57680408799206,77.431,0.09153914224652115,3.173237098541831,0.4546831174139161
1787251446.202108,58.59073416297906,77.499,0.10743952066330043,3.1811149327738075,0.46056192055809964
1787251447.6527991,60.04142599599436,78.247,0.2721142245723384,3.2739084653682675,0.5620986622911531
1787251447.666437,60.0550633299863,78.315,0.28605622683861553,3.2829215408718766,0.568930917053365
1787251447.6774018,60.0660281329765,78.383,0.29999404818342,3.2918537011132414,0.5756709213861022
1787251447.6875324,60.07615874698968,78.451,0.3121483336172352,3.2997475571392307,0.5822630231201171
1787251447.6962397,60.08486541497405,78.519,0.32596828259099,3.308956025399631,0.5881564748743133
1787251447.7039642,60.092589909996605,78.587,0.3407485063699079,3.3187871186120046,0.5943659714918246
1787251447.7105286,60.09915430698311,78.655,0.35505523179065207,3.328532343221836,0.6009108736301578
1787251447.7168586,60.105484384985175,78.723,0.3702712617002919,3.3391230506807568,0.6078255638262116
1787251447.7228363,60.11146204997203,78.791,0.38517048533972953,3.3495561395644793,0.6155376123596304
1787251447.793624,60.182250262994785,78.859,0.3997531444077638,3.359858008114033,0.6242498620822562
1787251448.560297,60.9489232559863,79.301,0.4920258588800719,3.4289019515430352,0.6588393634838567
1787251448.5733438,60.961970008997014,79.369,0.505738805529975,3.4395606836970223,0.6623890091961365
1787251448.9221632,61.31078967798385,79.573,0.5466345776116863,3.4716498475069377,0.6653756511551626
1787251448.9342844,61.32291068098857,79.641,0.5606196990358693,3.4825696362634035,0.6649245621250597
1787251449.2922168,61.68084310699487,79.879,0.6092698429502356,3.5209352457681216,0.6721722689743134
1787251449.3680952,61.756722121994244,79.947,0.6233419892963279,3.532193673258318,0.6735757748511119
1787251449.4501202,61.838746678986354,80.049,0.6442960150349172,3.5490043861097234,0.6795695274374519
1787251449.953529,62.34215549999499,80.355,0.7059652489702257,3.5986018724594637,0.6708095682977372
1787251449.9658625,62.35448856797302,80.423,0.7197547061253069,3.609495101953184,0.667516904952329
1787251449.9769294,62.36555558198597,80.491,0.7335427906982829,3.620314518106213,0.663781186526583
1787251450.5300047,62.91863115198794,80.797,0.7971995628577591,3.6692656288065226,0.6488259409061273
1787251450.5459647,62.934591266995994,80.865,0.8112872536621824,3.679898329059653,0.6449372543468413
1787251450.5569036,62.94552995599224,80.933,0.8254096979821837,3.6904156223154874,0.6395469877931973
1787251451.046446,63.43507254499127,81.239,0.8859068935576623,3.73409610958407,0.6090956427762028
1787251451.4023535,63.79097993299365,81.477,0.9253064924468825,3.760996240256621,0.5851333158692468
1787251451.414959,63.803585149988066,81.545,0.9361883552221634,3.7681713551912166,0.5797824445750162
1787251451.4258235,63.81445001199609,81.613,0.9470888343361392,3.7751861856645736,0.5723225531541604
1787251451.4351294,63.823755306977546,81.681,0.957992204088446,3.7821681760048467,0.5634662263506762
1787251451.5783136,63.966940128972055,81.783,0.9739699787282136,3.792175919211247,0.5504715945610129
1787251451.9290113,64.31763795798179,81.987,1.0044421654066924,3.8103406398132234,0.5247838683736186
1787251452.0047727,64.39339909498813,82.055,1.0154552023452876,3.816624311394383,0.5143622531590222
1787251452.4323542,64.82098085197504,82.327,1.0563259891078678,3.838627431296752,0.47165781903359966
1787251452.4456758,64.83430224197218,82.395,1.066042706912225,3.8436311484642154,0.45918418196917804
1787251452.46284,64.85146605898626,82.497,1.0797102120308717,3.850101285285474,0.43199030019783413
1787251452.5365229,64.92514963797294,82.565,1.0891731485744598,3.854424446267227,0.4199378269013384
1787251453.0309618,65.41958816899569,82.871,1.1359461359723464,3.873886928471541,0.36281220086752247
1787251453.5148995,65.90352583298227,83.143,1.1759737410849647,3.888087047270925,0.31411541933742254
1787251453.5283248,65.9169511939981,83.211,1.1859112902590712,3.8912258566406837,0.30255096760979067
1787251453.5405087,65.92913505298202,83.279,1.1954640823247533,3.894291976593661,0.29139225002665603
1787251453.5549207,65.94354660497629,83.381,1.2090264570462963,3.8981504917511685,0.2711217251374349
1787251453.6252854,66.01391105799121,83.483,1.22312892313073,3.9018704113180354,0.2419878333192587
1787251453.7666469,66.15527315798681,83.585,1.239095334492844,3.9057397502834403,0.22558846710202138
1787251454.0473819,66.43600838398561,83.755,1.266323864440393,3.911444719868785,0.19201290463897688
1787251454.5356839,66.92431029397994,84.061,1.3163809969727394,3.919768627318293,0.13435964905386225
1787251454.5481799,66.93680632597534,84.129,1.3275506614977814,3.9213164027817404,0.13255867693164422
1787251454.559613,66.94823892999557,84.197,1.3385633908738677,3.922752890519142,0.1367001185737551
1787251454.909087,67.29771332399105,84.401,1.3720267665278758,3.9276110348546385,0.14950985484167448
1787251454.9222865,67.31091276899679,84.469,1.3829447061514848,3.929192466740943,0.15150116867400024
1787251455.8226235,68.2112500309886,84.945,1.4623549542726257,3.9418227642578167,0.15663535716455979
1787251455.8357525,68.2243785239989,85.013,1.4745459073514233,3.943707908040027,0.1582054854917947
1787251455.8474908,68.23611708398676,85.081,1.4863365684689256,3.9455692767240467,0.16014309705785332
1787251455.8582745,68.24690062197624,85.149,1.4984720415274644,3.947520261048852,0.15779223628770694
1787251455.8666377,68.2552638189809,85.217,1.5106595100145428,3.9494840075114976,0.15922135983117608
1787251455.8743677,68.26299336698139,85.285,1.5228224790463485,3.9514747905365026,0.16213098894068226
1787251456.0147798,68.40340659898357,85.387,1.5433838260065729,3.9548263599468525,0.15768311067836577
1787251456.7046597,69.09328616797575,85.761,1.6342139517979744,3.96905679958624,0.15602985740615086
1787251456.7183354,69.10696171998279,85.829,1.6516856853082758,3.971856464393476,0.15743897899799952
1787251456.7295196,69.11814580697683,85.897,1.6690352989832233,3.9745434716351253,0.15434586869451644
1787251456.803071,69.19169767599669,85.965,1.6865242797545534,3.9772858871570382,0.15312896277946317
1787251457.2972407,69.68586731597316,86.271,1.7650684601860895,3.9885364432870847,0.13523933308419217
1787251457.515706,69.90433295597904,86.407,1.8001447632068557,3.9933348464413756,0.1374608664816234
1787251457.5290077,69.9176335039956,86.475,1.8176757016719551,3.9957602211078305,0.13879314635330706
1787251457.5395644,69.9281902849907,86.543,1.8351977229728793,3.9982348857205405,0.14014450939779557
1787251457.894857,70.28348391098552,86.781,1.8963856127145666,4.006972395683458,0.1435280236854598
1787251458.1749644,70.56359097297536,86.951,1.9401649539414136,4.013276517571613,0.14312988357755205
1787251458.1894653,70.57809182498022,87.019,1.9576774886963493,4.015793904387856,0.14367004452084017
1787251458.2016368,70.59026309198816,87.087,1.9751904678225574,4.018344421398123,0.14418066938529983
1787251458.7557857,71.14441233300022,87.393,2.0539829999273764,4.029810712758895,0.14444783857941948
1787251458.7689588,71.15758521997486,87.461,2.07149074070914,4.032341654266737,0.14403914622161587
1787251458.7804263,71.16905226997915,87.529,2.088998930099437,4.034897148297539,0.14349342201567153
1787251458.790828,71.17945416399743,87.597,2.1065076701136105,4.037405536378487,0.1427830566923627
1787251459.6234505,72.01207714100019,88.039,2.220406103283541,4.05329779676265,0.13275782893635643
1787251459.6360652,72.02469143597409,88.107,2.2379446469024695,4.055620469622143,0.13049341904816583
1787251459.6475132,72.03613942698576,88.175,2.255488473896054,4.057903879750089,0.12808772278234065
1787251459.658278,72.04690391698387,88.243,2.273035099439121,4.060151475779878,0.12549647894999416
1787251460.0124059,72.40103222298785,88.481,2.3345040263129144,4.067608241699841,0.1152554852861313
1787251460.156377,72.5450037039991,88.583,2.3608745496072183,4.070605440338526,0.11043029551968277
1787251460.169389,72.55801541599794,88.651,2.3784641645851607,4.072532826941498,0.10711445717458971
1787251460.4531484,72.84177509997971,88.855,2.4312727170605366,4.0779593472808084,0.09690503388162462
1787251460.6710052,73.05963167999289,89.025,2.475315193596511,4.082066590757608,0.08836169840457786
1787251460.6836283,73.0722543640004,89.093,2.4929408959257815,4.08360460939157,0.08495899190553609
1787251461.0333457,73.42197214998305,89.297,2.5458479575142747,4.087861191414739,0.07496348982452325
1787251461.3833258,73.77195218898123,89.501,2.598795301434494,4.091608916168724,0.06588061370769709
1787251461.3966918,73.78531812297297,89.569,2.6164501808830956,4.092755642401772,0.06326943404877455
1787251461.4075437,73.79616947798058,89.637,2.634106667268308,4.093857192211749,0.060855225851945006
1787251461.7607427,74.14936912298435,89.875,2.6959109071588956,4.097427620731137,0.0547416010249258
1787251463.012492,75.40111855097348,90.521,2.8602417001491776,4.106472672723348,0.05922711655629397
1787251463.0257041,75.4143307209888,90.589,2.873483382638037,4.1072488614218905,0.05816118431229294
1787251463.0371776,75.42580383698805,90.657,2.8867128975510172,4.108029159903552,0.060663689442842464
1787251463.046735,75.43536106697866,90.725,2.899934319419426,4.108850900544984,0.06460314074198584
1787251463.0556285,75.44425462197978,90.793,2.913150533744795,4.109727658501097,0.0691258759385126
1787251463.0637171,75.45234313298715,90.861,2.9263607900766457,4.1106670358901285,0.07425745433907872
1787251463.0711653,75.45979127398459,90.929,2.939564541920515,4.111676343082239,0.0798222516054404
1787251463.0777915,75.46641753599397,90.997,2.9527611795612074,4.112760934942276,0.08576491708295104
1787251463.0843234,75.47294897100073,91.065,2.965950394151712,4.113925338377482,0.09198303629007612
1787251463.089859,75.47848469999735,91.133,2.979131272029944,4.115173225110787,0.09853728910551611
1787251464.0565479,76.44517429897678,91.677,3.104881902518808,4.131456439991437,0.1635510261550777
1787251464.069049,76.45767500498914,91.745,3.12227521563957,4.134404642555525,0.1749207011725693
1787251464.6947181,77.08334443398053,92.119,3.2172867266192515,4.154138801976757,0.23452368339745921
1787251464.7084553,77.09708172499086,92.187,3.2344423194324246,4.158311090284666,0.24387088662941878
1787251464.7201686,77.10879480699077,92.255,3.2515715286045452,4.162619880771399,0.25119497496010657
1787251465.0759873,77.46461384400027,92.493,3.3112190291106263,4.178776947319929,0.2793124655898473
1787251465.089452,77.47807892598212,92.561,3.3282173612654407,4.183675783290493,0.28052350919919966
1787251465.7183769,78.10700335499132,92.935,3.4213080391339674,4.2115627976547945,0.3086469207559188
1787251465.7321072,78.12073356600013,93.003,3.43814333649955,4.216971095216567,0.3133130215927242
1787251465.7438781,78.13250441499986,93.071,3.4549552223245628,4.2224338661374805,0.3164160367374892
1787251465.9533772,78.34200374098145,93.207,3.488529464435313,4.233528853164946,0.3212899542964642
1787251465.9660513,78.35467765599606,93.275,3.5053064288834226,4.239134793848025,0.32312092570963646
1787251466.4543676,78.84299458097667,93.547,3.572437358442317,4.261484898180974,0.31077488610590354
1787251466.4674265,78.8560527349764,93.615,3.5892844152333683,4.2668769897760415,0.3093694986449798
1787251466.4781978,78.86682417499833,93.683,3.606121409449136,4.272271003039054,0.31161675025185803
1787251467.101826,79.4904524179874,94.023,3.6874542971845723,4.298449916727863,0.3018199664272002
1787251467.1144435,79.50306984098279,94.091,3.7007288005652597,4.302538665781896,0.29543504731059544
1787251467.1256363,79.51426257597632,94.159,3.714017281714945,4.306572600569479,0.2944670410714437
1787251467.3427165,79.73134291099268,94.329,3.748414608671194,4.316941760046068,0.29109694120017987
1787251467.3573496,79.7459757559991,94.397,3.7622078643728085,4.321052791810141,0.28825443750762286
1787251467.9109557,80.2995820659853,94.703,3.8220569119441343,4.33844786955695,0.2707897996127553
1787251467.9246025,80.31322887598071,94.771,3.8348878348729167,4.341940705338349,0.25931573382990525
1787251467.9356728,80.32429911298095,94.839,3.8477542306436563,4.345322056979036,0.25449634453258424
1787251468.4279785,80.81660535998526,95.145,3.9123164090234868,4.3617108648458744,0.2398687401047121
1787251468.4411435,80.82976986299036,95.213,3.9282833519059532,4.365590491398467,0.23563511152063815
1787251468.453338,80.84196396399057,95.281,3.942443783114676,4.368961829166544,0.23137459446742362
1787251468.9382923,81.32691875597811,95.553,3.9993993598251207,4.381989863124038,0.21674640030234438
1787251468.9513376,81.33996474999003,95.621,4.013605283220399,4.385101568700005,0.21408538936414653
1787251468.9626856,81.35131206497317,95.689,4.028065075866943,4.38822431960933,0.2094266039975078
1787251469.177464,81.56609063097858,95.825,4.056598430763788,4.3939742278592355,0.18770551122305387
1787251469.1898804,81.57850728597259,95.893,4.0708954458819475,4.3966565114652045,0.1826696518862641
1787251469.3316505,81.72027685897774,95.995,4.092349658452243,4.400568310664395,0.17766441179530262
1787251470.1625152,82.55114203397534,96.437,4.202268463620301,4.418522239217377,0.14426859628599206
1787251470.1756332,82.56425938999746,96.505,4.219792691292137,4.421030063795746,0.13878270276138713
1787251470.1864383,82.57506456098054,96.573,4.237331450700784,4.4234406121766074,0.13314848642878607
1787251470.1965787,82.58520511398092,96.641,4.254883639681073,4.425750837829645,0.12736433070335348
1787251470.274128,82.66275431099348,96.743,4.281234927555482,4.429022876824699,0.11836623732829325
1787251470.6334834,83.02210991998436,96.981,4.342832228272576,4.435701625397087,0.09580670133367693
1787251470.777169,83.1657958930009,97.083,4.369279062128644,4.438126400174068,0.08540823315183832
1787251470.9204843,83.3091110859823,97.185,4.395752965498725,4.440271277771157,0.07456529166745261
1787251470.9333673,83.32199364699773,97.253,4.41341602883697,4.441540376350958,0.06708818410525026
1787251471.2885683,83.67719455299084,97.491,4.475306896515737,4.444906059798384,0.03921112562252082
1787251471.3631854,83.75181191798765,97.559,4.493006711989658,4.4455435958280765,0.03068905168900044
1787251471.4438205,83.83244694798486,97.661,4.519567154299075,4.4462126535607,0.01740356581880674
1787251471.6620762,84.05070276698098,97.831,4.56385122700478,4.4465178817487505,-0.0063210646863832804
1787251471.6764834,84.06510951698874,97.899,4.581566548724716,4.446339510838747,-0.01640379459812508
1787251472.3712015,84.75982815399766,98.273,4.6789098011315815,4.441970322862617,-0.07797227826044383
1787251472.3875427,84.77616936698905,98.341,4.696573161432917,4.440510519224619,-0.09036028752507685
1787251472.4017901,84.79041612899164,98.409,4.714218442563294,4.43882882599444,-0.10312943798580015
1787251472.4127784,84.80140474298969,98.477,4.73184216441873,4.4369190264570255,-0.1162640332178222
1787251472.4869635,84.87559001997579,98.545,4.749441057502825,4.434775239212965,-0.12982158788484313
1787251472.8430285,85.23165482099284,98.783,4.810763705396319,4.42533996228102,-0.1801671498785698
1787251472.9856691,85.3742956299975,98.885,4.836876266722332,4.420331851557473,-0.20299897431464498
1787251473.1291766,85.51780394799425,98.987,4.8628626591264625,4.414724474207439,-0.22589800614687777
1787251473.1430953,85.53172155897482,99.055,4.880101629597536,4.410687270089082,-0.2369720580785228
1787251473.6376617,86.02628890497726,99.361,4.954511506007683,4.390901766462293,-0.2826329951175776
1787251473.650483,86.0391093659855,99.429,4.9684813881500265,4.386808882290128,-0.2902361181340011
1787251473.6633232,86.0519490649749,99.497,4.982419477402834,4.382588118285691,-0.3011314863751087
1787251474.2178597,86.6064862459898,99.803,5.044504415147788,4.361891979391029,-0.3434148174140035
1787251474.2307973,86.61942369598546,99.871,5.058190586552124,4.356947764016465,-0.3531223312845468
1787251474.2431617,86.63178788297228,99.939,5.071829798473786,4.351855218505552,-0.3650742040779252
1787251474.5990906,86.98771749599837,100.177,5.117020752703586,4.334346112173477,-0.38176347759179063
1787251474.6752102,87.06383673398523,100.245,5.129062348559436,4.329453554826211,-0.39372985902067376
1787251474.966049,87.35467569497996,100.449,5.164736289677468,4.314005716731149,-0.425613017128543
1787251474.9805079,87.36913433097652,100.517,5.176773558234616,4.308506141801298,-0.4334975178646557
1787251474.9929998,87.38162598997587,100.585,5.188831917004251,4.3028730589061075,-0.4436972978769692
1787251475.1346197,87.52324624199537,100.687,5.206740960853301,4.294208090332742,-0.45916415177850006
1787251475.6258855,88.01451223998447,100.959,5.250686937208916,4.272071181037011,-0.48399809233990343
1787251475.639242,88.02786808999372,101.027,5.261558913373148,4.266299508320436,-0.4951114278443022
1787251475.6497967,88.03842261398677,101.095,5.272645965872257,4.260254209897717,-0.5051781434581358
1787251475.9967387,88.38536496699089,101.299,5.306499917687628,4.240968155157887,-0.5342972361738977
1787251476.0098698,88.39849601799506,101.367,5.316498653386198,4.235017440531292,-0.540719863376989
1787251476.843319,89.23194571898784,101.809,5.387606551263256,4.1902665032401405,-0.5844713058109471
1787251476.8560007,89.24462728199433,101.877,5.398096270936443,4.183309397197535,-0.5860011832068764
1787251476.8668096,89.25543593199109,101.945,5.408586678811847,4.176348131639404,-0.5866692571090201
1787251476.8764558,89.26508177499636,102.013,5.419063938428124,4.1693558124543575,-0.5920972464466102
1787251476.8863728,89.27499858199735,102.081,5.430551805606397,4.1615842651466,-0.5994488352408109
1787251476.8943055,89.28293136999127,102.149,5.442007569159992,4.153703325978757,-0.6077845435290737
1787251477.2463977,89.63502407597844,102.387,5.4812198767685665,4.1256486333122195,-0.6341753374878938
1787251477.4608345,89.84946116898209,102.523,5.504314650465544,4.1084405015267516,-0.648312764679673
1787251477.4748235,89.86344968198682,102.591,5.515768953265814,4.099713667453755,-0.655378322754084
1787251477.8249044,90.21353087597527,102.795,5.557029114906696,4.067440985677857,-0.674181686331525
1787251477.968998,90.35762404298293,102.897,5.577690209641289,4.050774159474754,-0.6848751109464042
1787251477.9828691,90.3714954519819,102.965,5.591365062010364,4.039542110126324,-0.6917812090204025
1787251478.1999285,90.58855513099115,103.135,5.625228912761272,4.011064202658004,-0.7075602316854115
1787251478.4898868,90.87851327299722,103.339,5.665308977082423,3.9762417244282235,-0.7236900321928513
1787251478.639268,91.02789417799795,103.475,5.691736336803401,3.952689099849507,-0.7328298806784981
1787251478.8514132,91.24003950998303,103.611,5.717966001666959,3.9289059614733928,-0.7408515723004634
1787251478.8649342,91.25356042798376,103.679,5.731013093811483,3.9169347393757437,-0.7444935241878823
1787251479.0074384,91.39606480899965,103.781,5.75050612746325,3.8988924260445894,-0.7495855647186268
1787251479.0813837,91.4700101579947,103.849,5.763459794850278,3.8868090272179856,-0.7527453364131689
1787251479.442752,91.83137908298522,104.087,5.808607109293386,3.844120706897957,-0.7616826461305497
1787251479.5251017,91.91372806899017,104.155,5.821411227441627,3.831883314438684,-0.7639064300461942
1787251479.6747801,92.06340683400049,104.291,5.846955971435911,3.8073213900916456,-0.768008955895176
1787251479.6888392,92.07746581398533,104.359,5.8596923827237,3.79500392795587,-0.769863786644465
1787251480.178797,92.5674238059728,104.665,5.916414822943118,3.739466066406348,-0.7799055503691459
1787251480.1931696,92.58179596799891,104.733,5.928979556978993,3.7269936102632664,-0.7831637681380248
1787251480.6176496,93.00627612599055,105.005,5.979157682052663,3.6768207506222432,-0.7866361631369383
1787251480.6306088,93.01923526398605,105.073,5.991391168579863,3.664544311334828,-0.7882823816691295
1787251480.6415224,93.030148447986,105.141,6.003873646950885,3.6519244413582674,-0.7950426195551985
1787251480.7891421,93.17776913399575,105.277,6.028653679007184,3.626524417217928,-0.7988964441381659
1787251481.2730982,93.6617250549898,105.549,6.078026506997253,3.575759225963874,-0.8076804163122449
1787251481.286176,93.67480247397907,105.617,6.090178712589605,3.5629605082676856,-0.8149247330577264
1787251481.297091,93.68571741698543,105.685,6.10250223258206,3.5498817411369346,-0.8161739472058532
1787251481.7846222,94.17324855100014,105.957,6.150926158790482,3.498473965046656,-0.8143084945874266
1787251481.7973084,94.1859346969868,106.025,6.163077265481807,3.485566647291417,-0.8179092715765465
1787251481.8088312,94.1974574389751,106.093,6.175072729281947,3.4727429829318948,-0.8196498080256668
1787251482.639606,95.0282327689929,106.535,6.237824591760324,3.40449396884504,-0.8276417491842811
1787251482.6522899,95.04091644997243,106.603,6.246909366170357,3.394627685840689,-0.8275520053799871
1787251482.6643302,95.0529564479948,106.671,6.25595817269212,3.3847769144460447,-0.8250740602244399
1787251482.674992,95.06361819099402,106.739,6.264911705472906,3.3750774889574786,-0.8266382371289803
1787251482.7527692,95.14139564699144,106.841,6.278249434008322,3.360567969713399,-0.8299815844183704
1787251483.1080868,95.49671353699523,107.079,6.309576217401944,3.3260315652476784,-0.8426022145236849
1787251483.253237,95.64186339397565,107.181,6.322764556800505,3.3112393523131347,-0.8427626084287164
1787251483.3291845,95.71781080897199,107.249,6.331674101547261,3.301220747210651,-0.8415663454550159
1787251483.6180687,96.00669526899583,107.453,6.358217012106955,3.2715724123056873,-0.8432391141102074
1787251483.9737215,96.36234852898633,107.691,6.3884849770645165,3.2371777177464303,-0.8610675141675856
1787251483.9873335,96.37595984697691,107.759,6.3972661596011555,3.2269462866370837,-0.8653349599727894
1787251484.2039955,96.59262183099054,107.929,6.418748557206713,3.2016195801132077,-0.8701214312705651
1787251484.2172413,96.60586747797788,107.997,6.427152019106959,3.1916826828755247,-0.8756345614828874
1787251484.3600545,96.74868168699322,108.099,6.439998884860749,3.176083915188267,-0.8856691128049136
1787251485.4010627,97.78968928998802,108.643,6.505634872255454,3.0930685641743287,-0.9245986243251277
1787251485.4141982,97.80282460397575,108.711,6.51346491219699,3.0826843657723715,-0.9342241434529889
1787251485.4246886,97.81331476097694,108.779,6.521001960644769,3.0723342913500526,-0.9459159089768014
1787251485.434275,97.82290091199684,108.847,6.528943277369724,3.061297608294824,-0.9532350200869221
1787251485.4429626,97.83158868498867,108.915,6.536802411609897,3.0501775072101664,-0.9551963233566242
1787251485.4509993,97.83962514897576,108.983,6.54428458979202,3.0395871217160746,-0.9593937669469252
1787251485.5233665,97.91199289099313,109.051,6.551778200039772,3.028889475105842,-0.9663936527752112
1787251485.675511,98.06413738499396,109.187,6.566154313017887,3.0076128014499566,-0.9910964452615937
1787251486.0227726,98.41139927899349,109.391,6.58743121198917,2.97423520837077,-1.0150804825525797
1787251486.4406154,98.8292421559745,109.629,6.610834890785065,2.935025771842496,-1.0477903618582927
1787251486.4533286,98.84195489698322,109.697,6.617221494642823,2.9237566255628527,-1.0614563430173398
1787251486.4650564,98.85368275098153,109.765,6.623752516861351,2.9119371319034846,-1.072725417496874
1787251487.0308614,99.41948872699868,110.105,6.653952739488122,2.8536623142774733,-1.1206208445698993
1787251487.044318,99.4329443849856,110.173,6.659187399505529,2.842713523083501,-1.1263839880448556
1787251487.0561237,99.44475013797637,110.241,6.663817367867917,2.833018292308843,-1.1317081759901837
1787251487.477294,99.8659205439908,110.513,6.681351842940117,2.7936068295469476,-1.1661595383589625
1787251487.4904783,99.87910518297576,110.581,6.685626982237223,2.78361956504704,-1.1736300318646364
1787251487.6326823,100.02130884098005,110.683,6.691799436764347,2.768487748597685,-1.1927698789139873
1787251487.7775834,100.16622702599852,110.785,6.697844955741517,2.7530612423899825,-1.2008756594962986
1787251487.7895677,100.17819387899362,110.853,6.701643333698478,2.74321989381267,-1.2082899787828807
1787251488.142592,100.5312186369847,111.091,6.713717504902039,2.70998545595663,-1.2379714076488875
1787251488.42698,100.81560652999906,111.261,6.723837069349388,2.679693407871432,-1.2582888195624353
1787251488.44007,100.82869591598865,111.329,6.7276791170123795,2.667560922242413,-1.273047568527593
1787251488.4512403,100.83986650998122,111.397,6.731380450565536,2.6552260371483567,-1.284987180825865
1787251489.1372318,101.52585827899748,111.771,6.749774455078883,2.5874988057749873,-1.332315834873671
1787251489.1508477,101.53947432397399,111.839,6.752790666237222,2.5751125891321847,-1.3373821640663108
1787251489.1630335,101.55165982499602,111.907,6.7553174687394,2.564077229393935,-1.3457272903367035
1787251489.1746864,101.56331237399718,111.975,6.757840149263002,2.553185629658704,-1.3504206928701894
1787251489.591864,101.980490654998,112.213,6.765784953531004,2.5148182866887456,-1.3815082617394807
1787251489.60554,101.99416612400091,112.281,6.767852884008474,2.503911386388572,-1.3847547716183417
1787251489.7494638,102.13809025898809,112.383,6.77082757812742,2.487663858594042,-1.3959355028411118
1787251490.0287793,102.41740569999092,112.553,6.775598547114909,2.4597308757822276,-1.4061677406416209
1787251490.0408282,102.42945421198965,112.621,6.7774873412511365,2.448498488451188,-1.4033772057717122
1787251490.0510333,102.43965947398101,112.689,6.779378016665794,2.437294778877972,-1.395839671742597
1787251490.4020147,102.79064172197832,112.893,6.785170084375397,2.4042225024626913,-1.3937833740477488
1787251490.5462615,102.93488802999491,112.995,6.788287369609214,2.3875373199205057,-1.380051915907493
1787251490.5590303,102.94765658699907,113.063,6.790429013956683,2.3765471900515847,-1.3724012676580903
1787251491.5284462,103.91707293997752,113.607,6.8092595855314295,2.2926687405456376,-1.319940489186049
1787251491.5469432,103.9355692549725,113.709,6.812928104274874,2.2786774345782668,-1.3082179030699566
1787251491.5622559,103.95088199598831,113.811,6.816672120409625,2.2646938178671316,-1.307532946957042
1787251491.576097,103.96472287698998,113.913,6.820540494915309,2.2505367391587234,-1.2968808819478448
1787251492.5481503,104.93677660299,114.491,6.8422451825927855,2.180081288623105,-1.2431485409616276
1787251539.0403562,151.42898256899207,151.619,6.826624217519354,2.1814410251136924,0.1795965634365228
1787251539.3392775,151.72790433699265,151.891,6.816574578328884,2.179542556170098,0.1950375378096412
1787251539.6501822,152.03880890097935,152.197,6.805305987228412,2.177215124298453,0.21359442807396942
1787251540.351314,152.73994080198463,152.605,6.790348483517377,2.173774648863801,0.2401093666405378
1787251541.4868116,153.87543836797704,153.353,6.763303739649283,2.1666360528064197,0.2715933177938236
1787251541.5318196,153.92044550698483,153.625,6.753531752483937,2.163900301401575,0.26656696996413126
1787251541.629621,154.01824749997468,153.897,6.743674423738438,2.1611446908120984,0.280104706301917
1787251542.4609528,154.84957941199536,154.339,6.727749880708459,2.1563860491844764,0.29901065898569057
1787251542.8343723,155.22299892097362,154.679,6.715570588189645,2.1525585482010463,0.31001455674772466
1787251543.4132981,155.8019245849864,155.121,6.699725101998305,2.147573868231253,0.31463577713694985
1787251543.8602319,156.24885848799022,155.529,6.685170491542778,2.1427048230306593,0.331468360632119
1787251544.5627987,156.95142525897245,155.971,6.669531743110373,2.137264411022367,0.32884542836346714
1787251544.9447625,157.3333887810004,156.379,6.655048384467113,2.132162659800381,0.3487818761564
1787251545.3091536,157.69777984998655,156.651,6.645466282302866,2.1286165816684965,0.3594711274791421
