segment,segment_name,wall_time,wall_elapsed_s,sim_time,x,y,yaw
3,X->Y,1788165203.7548778,0.0,590.584,-2.984933216273052,-3.920279247279637,-0.019017278572759512
3,X->Y,1788165206.1552463,2.2655240679741837,592.386,-2.9635922315020746,-3.921337159145177,-0.04573885262529194
3,X->Y,1788165206.3019826,2.4122601859853603,592.488,-2.9478057256955377,-3.921857507997498,-0.010766979886046127
3,X->Y,1788165206.5162854,2.6265638130134903,592.624,-2.926897896818284,-3.921628364946697,0.038184520222511974
3,X->Y,1788165206.5318143,2.642091921006795,592.692,-2.9161821595254542,-3.9211202518407804,0.06251828516044199
3,X->Y,1788165206.6754875,2.7857648510253057,592.794,-2.899950238530023,-3.9198469959668323,0.1000911339406081
3,X->Y,1788165206.958399,3.068677009025123,592.964,-2.872113333580249,-3.916202193218255,0.1660715841255992
3,X->Y,1788165207.596237,3.706514375982806,593.338,-2.8001922740419634,-3.897875938691862,0.3267724393574451
3,X->Y,1788165207.6091177,3.7193949469947256,593.406,-2.785750151658899,-3.8928140296387377,0.3526235804882342
3,X->Y,1788165207.6203256,3.7306031190091744,593.474,-2.770925175946069,-3.887300602787891,0.37644491398778734
3,X->Y,1788165207.695443,3.805720124975778,593.542,-2.7557824654502676,-3.8814548457050027,0.39767872159128326
3,X->Y,1788165207.8486469,3.9589241900248453,593.678,-2.7213087710697486,-3.866267983762134,0.43843766505580833
3,X->Y,1788165207.9934692,4.103746949986089,593.78,-2.6956162959571732,-3.8536980435264354,0.4770004798284544
3,X->Y,1788165208.5540555,4.6643325600307435,594.086,-2.6218678935537736,-3.810659503168284,0.57886933320157
3,X->Y,1788165208.5683515,4.678628913010471,594.154,-2.6060231269915954,-3.8001367647065436,0.5971061151283622
3,X->Y,1788165208.6499693,4.760247043974232,594.256,-2.58261513715,-3.7838167838494217,0.6233716214109277
3,X->Y,1788165208.804755,4.915032444987446,594.392,-2.55205698285909,-3.761147111205037,0.6547007384226625
3,X->Y,1788165209.0867572,5.197034299024381,594.562,-2.5147841855951687,-3.7316013741162957,0.6868204547361725
3,X->Y,1788165209.165728,5.276006000989582,594.664,-2.4928271236341426,-3.7134023773240044,0.6975260848756539
3,X->Y,1788165209.316796,5.4270737480255775,594.8,-2.4637763855492,-3.6887913274530897,0.7087787841175166
3,X->Y,1788165209.534419,5.644696486997418,594.936,-2.4349771340952073,-3.6638704540590186,0.7181001879773304
3,X->Y,1788165209.6839054,5.79418267501751,595.072,-2.406388201326226,-3.638712466490203,0.7256654256935533
3,X->Y,1788165209.8280556,5.938333027996123,595.174,-2.385068346328902,-3.61971253787704,0.7303929494647187
3,X->Y,1788165210.2487602,6.359037683985662,595.412,-2.335627837429671,-3.5750351461222776,0.7392528722710882
3,X->Y,1788165210.2629251,6.373202021000907,595.48,-2.321570740420942,-3.5621918836695463,0.7413723972696328
3,X->Y,1788165210.340064,6.450341566989664,595.548,-2.3075286046151633,-3.5493215697381095,0.7424457092236008
3,X->Y,1788165210.4907231,6.6010009390302,595.684,-2.279452312128768,-3.52356927174443,0.7414550092332836
3,X->Y,1788165211.2023618,7.3126393490238115,596.058,-2.202004569667047,-3.4530538860280737,0.7359094821372384
3,X->Y,1788165211.2157626,7.326040085987188,596.126,-2.1878874134051474,-3.4402750226863836,0.7354002132153946
3,X->Y,1788165211.2270162,7.3372935929801315,596.194,-2.173765071822015,-3.4275004916761116,0.7350708161861269
3,X->Y,1788165211.2366374,7.346914421999827,596.262,-2.1596393146356996,-3.4147287264161594,0.7348941264717342
3,X->Y,1788165211.5913453,7.701622884022072,596.5,-2.1101896174372907,-3.370030134109145,0.7351612107935976
3,X->Y,1788165212.354026,8.464303588028997,596.908,-2.025523611582726,-3.2933209495967586,0.7375675221370974
3,X->Y,1788165212.3673086,8.477585563028697,596.976,-2.0114349398282143,-3.2805098352739375,0.7381932630915428
3,X->Y,1788165212.379126,8.489404077001382,597.044,-1.9973525848082083,-3.267690531039829,0.7388424647910882
3,X->Y,1788165212.4594305,8.56970791699132,597.146,-1.9762430206468728,-3.248440389020675,0.7398269778260137
3,X->Y,1788165212.7478042,8.85808164201444,597.35,-1.9340826830346114,-3.20988642335569,0.741699923699224
3,X->Y,1788165213.519214,9.62949107697932,597.792,-1.8431919393900353,-3.12628986070917,0.745070717787834
3,X->Y,1788165213.5321994,9.642476735985838,597.86,-1.8292072974618154,-3.1133740279256488,0.7463795957092195
3,X->Y,1788165213.5432732,9.653550476010423,597.928,-1.8152306351209002,-3.1004349936162585,0.7473999522104929
3,X->Y,1788165213.5530035,9.663280726992525,597.996,-1.8012670281569503,-3.087484428264777,0.7482398732948674
3,X->Y,1788165213.6259506,9.736227778019384,598.064,-1.7874252390322944,-3.074621256552188,0.7495646916383486
3,X->Y,1788165214.0537202,10.163997997005936,598.336,-1.731834663107162,-3.02255682135413,0.7536935608051223
3,X->Y,1788165214.2038195,10.314096970018,598.472,-1.7040206000357885,-2.9965251495694645,0.7501425945841765
3,X->Y,1788165214.3485246,10.458802231994923,598.574,-1.6830903619343582,-2.9770766190043383,0.7468381340454077
3,X->Y,1788165214.495581,10.605858610011637,598.676,-1.662096713277722,-2.9576956783634194,0.7437658692544452
3,X->Y,1788165214.639763,10.75004064902896,598.778,-1.641214496909793,-2.9385202035607807,0.7430044126310945
3,X->Y,1788165214.7840068,10.894284297013655,598.88,-1.6203315996144754,-2.9190908891013416,0.7580662512786127
3,X->Y,1788165215.1346936,11.244971057982184,599.084,-1.5795947054327435,-2.8791875162272857,0.7934246814522604
3,X->Y,1788165215.14776,11.258038999978453,599.152,-1.566408529868757,-2.865673237270265,0.8045241390030259
3,X->Y,1788165215.2969468,11.407223902002443,599.288,-1.5406222473709636,-2.837977927313917,0.8397203502247986
3,X->Y,1788165215.927544,12.037821503006853,599.628,-1.4782371416804971,-2.766287570941184,0.8685258920545694
3,X->Y,1788165215.940653,12.050930785015225,599.696,-1.465995136382773,-2.751751178949419,0.8743729273674405
3,X->Y,1788165215.952335,12.06261199398432,599.764,-1.453819640109424,-2.7371002894491876,0.8808399421744948
3,X->Y,1788165216.1012828,12.211560248979367,599.9,-1.4297112181266218,-2.707754682616429,0.8886705407815821
3,X->Y,1788165216.3167264,12.427004232013132,600.036,-1.4059113858027474,-2.6778914957051656,0.9054749912287342
3,X->Y,1788165216.8262758,12.936553061997984,600.342,-1.3529994311652094,-2.610219004366777,0.9102227171021464
3,X->Y,1788165216.8396165,12.94989401701605,600.41,-1.3413295729705939,-2.595148641414271,0.9145145381766578
3,X->Y,1788165216.8509629,12.961240079021081,600.478,-1.3297738189064379,-2.580019962790607,0.9238661626122305
3,X->Y,1788165217.131067,13.241344443988055,600.648,-1.3012475583754197,-2.541843924003894,0.9395126511138909
3,X->Y,1788165217.2818773,13.392154748027679,600.784,-1.2789907481090486,-2.5108575935195523,0.9522490258310482
3,X->Y,1788165217.5690947,13.679372154001612,600.954,-1.2512966387999622,-2.4722625314807214,0.9439510320874881
3,X->Y,1788165217.651197,13.761474573984742,601.056,-1.234559039142194,-2.449099137413024,0.9448137196320328
3,X->Y,1788165217.939762,14.05003983702045,601.26,-1.2009425398493896,-2.402732402670945,0.9373679275888357
3,X->Y,1788165218.0908995,14.201176748028956,601.396,-1.1783327525760663,-2.3715481194615418,0.9509662016370646
3,X->Y,1788165218.373089,14.483366306987591,601.566,-1.1505325184770172,-2.332671332706319,0.9450927339997737
3,X->Y,1788165218.3868496,14.497127304028254,601.634,-1.1393206510175744,-2.317193191075083,0.9417280639197546
3,X->Y,1788165218.6747894,14.785066607000772,601.838,-1.1116096315142587,-2.2792617460424722,0.937205384571835
3,X->Y,1788165218.8266053,14.93688277201727,601.974,-1.0946317965187642,-2.2561351679752444,0.9374602931264296
3,X->Y,1788165218.971463,15.081740534980781,602.076,-1.0818907741655943,-2.2387381320685478,0.9391117006696686
3,X->Y,1788165219.3937364,15.504013983998448,602.314,-1.052786176393288,-2.1978389218145673,0.9644091862912781
3,X->Y,1788165219.4073555,15.517632754985243,602.382,-1.0446094319514367,-2.186028933358104,0.9665497251149642
3,X->Y,1788165219.4811883,15.591465833014809,602.45,-1.0364895021924259,-2.174236545708753,0.9695057843363137
3,X->Y,1788165219.6363208,15.746598214027472,602.586,-1.0203703745788433,-2.1505524571730312,0.9786254721893243
3,X->Y,1788165220.1323988,16.242676138994284,602.858,-0.9888700867038265,-2.1027024158981424,1.0002020475806759
3,X->Y,1788165220.1451268,16.255404586030636,602.926,-0.9811858771356077,-2.090633492716435,1.0098108223120648
3,X->Y,1788165220.156277,16.266553897003178,602.994,-0.9736304894380156,-2.078535685656565,1.0178994855420254
3,X->Y,1788165220.3015547,16.411831850011367,603.096,-0.9625238211944602,-2.059961205003613,1.050742107341501
3,X->Y,1788165220.44746,16.557737461989745,603.198,-0.9520479665526,-2.0412499571718263,1.068501766269992
3,X->Y,1788165220.7997725,16.910050237027463,603.402,-0.931591073995668,-2.0035180062094757,1.0817034377869363
3,X->Y,1788165220.8139749,16.924252066004556,603.47,-0.9249578721968671,-1.9909623989135157,1.0891207107935656
3,X->Y,1788165220.8886087,16.998885951004922,603.538,-0.9184041840639023,-1.978327375112433,1.0939593357505202
3,X->Y,1788165221.1851547,17.295431994018145,603.742,-0.899142386963592,-1.9401509423538745,1.1160806135134986
3,X->Y,1788165221.3373647,17.44764214497991,603.878,-0.8871546070382881,-1.9144024533893755,1.1591802813781804
3,X->Y,1788165221.481521,17.591798408015165,603.98,-0.8787770544946244,-1.894831469438278,1.1719105241307965
3,X->Y,1788165221.6257825,17.736060026974883,604.082,-0.8705862558340709,-1.8751567687538402,1.1819882094538054
3,X->Y,1788165221.7738528,17.88413041702006,604.184,-0.8626101728974457,-1.8553113310314537,1.1936292091322926
3,X->Y,1788165221.9899745,18.100251768017188,604.32,-0.8524038599266424,-1.8289198190936793,1.2182350779743676
3,X->Y,1788165222.0032935,18.113570581015665,604.388,-0.8476410943228686,-1.8156362039173188,1.2328055413448622
3,X->Y,1788165222.1468325,18.257109983009286,604.49,-0.8408242166302449,-1.7958599159341118,1.2448285618086476
3,X->Y,1788165222.2903478,18.40062512399163,604.592,-0.8340704312112333,-1.7755536611394735,1.2552814000616328
3,X->Y,1788165222.3664372,18.47671443602303,604.66,-0.8296530462816147,-1.7618819439843232,1.2672228446255183
3,X->Y,1788165222.5170963,18.627373775991146,604.796,-0.8215509136072271,-1.7349954332065833,1.2861757924712514
3,X->Y,1788165222.8036473,18.913924899010453,604.966,-0.8120443257179443,-1.7012128513599236,1.3111919881916474
3,X->Y,1788165222.8848872,18.995164662017487,605.068,-0.8066976324892677,-1.6805347254807672,1.3286290195729957
3,X->Y,1788165222.9602304,19.070507821976207,605.136,-0.8034478034208591,-1.6670406191882958,1.333170523880611
3,X->Y,1788165223.264431,19.374708456976805,605.34,-0.7938437103731922,-1.625725216199815,1.3550091252918846
3,X->Y,1788165223.4178553,19.528132668987382,605.476,-0.7880337005257818,-1.5976840116130326,1.3775344635203397
3,X->Y,1788165223.562588,19.672865396016277,605.578,-0.7840759490854654,-1.5769145174063977,1.3876122875524086
3,X->Y,1788165223.8491821,19.95945985300932,605.748,-0.7765803338661568,-1.534368265623079,1.4117489692011607
3,X->Y,1788165223.9313838,20.041661212977488,605.85,-0.7723738711989052,-1.5062848849093218,1.4264039017523296
3,X->Y,1788165224.2209702,20.331247958994936,606.054,-0.7648297754649901,-1.4494837764639283,1.4579752778730468
3,X->Y,1788165224.3034384,20.41371579101542,606.156,-0.7617677742120887,-1.4209830881119345,1.466175097458856
3,X->Y,1788165224.592532,20.702809655980673,606.36,-0.7561643793872045,-1.3644598609547973,1.4799577163184776
3,X->Y,1788165225.025584,21.13586146198213,606.632,-0.7501566237004222,-1.288447207586357,1.5117503227338
3,X->Y,1788165225.0402088,21.150486555998214,606.7,-0.7490778859154368,-1.2694205967036647,1.5176848898541193
3,X->Y,1788165225.0519545,21.16223145701224,606.768,-0.7481384263758982,-1.2504318762745852,1.5215043799568455
3,X->Y,1788165225.332089,21.442366352013778,606.938,-0.7464100441550249,-1.2110059520662475,1.5301048174249015
3,X->Y,1788165225.4845443,21.59482170897536,607.074,-0.7452244762970142,-1.1799681492401308,1.5342940342705254
3,X->Y,1788165225.7671266,21.877403797989246,607.244,-0.7439306451221045,-1.141243194041086,1.5393279641061186
3,X->Y,1788165225.9195044,22.02978169597918,607.38,-0.7429927654422115,-1.1102297496552997,1.5436122430243027
3,X->Y,1788165225.9960663,22.10634352598572,607.448,-0.7425997272650083,-1.0947223845033665,1.5458489341035466
3,X->Y,1788165226.1468544,22.257131703023333,607.584,-0.7418772403970454,-1.0637030560477703,1.5504348584016299
3,X->Y,1788165226.430386,22.54066405002959,607.754,-0.7412061646734044,-1.0249043015381565,1.5563247845405306
3,X->Y,1788165226.513068,22.623345615982544,607.856,-0.7409069998035199,-1.0016070153346268,1.5599924989547211
3,X->Y,1788165226.6667457,22.777023084985558,607.992,-0.7406335876012171,-0.9705282056480614,1.564987075473968
3,X->Y,1788165226.812555,22.92283308302285,608.094,-0.7405426719787066,-0.947194878387145,1.568886785266414
3,X->Y,1788165226.9616764,23.071953646023758,608.196,-0.7405288792504824,-0.9238411538306862,1.572990675715648
3,X->Y,1788165227.1744373,23.284714757988695,608.332,-0.7406787688532179,-0.8926815246110639,1.578584771874484
3,X->Y,1788165227.1874971,23.29777423402993,608.4,-0.7408191687793702,-0.8770971284183483,1.5813846001730234
3,X->Y,1788165227.2615795,23.371856994985137,608.468,-0.7410013034134049,-0.8615105071007203,1.5841743255346252
3,X->Y,1788165227.5441608,23.654438467987347,608.638,-0.7416435321409381,-0.8225168983524243,1.5910525825572728
3,X->Y,1788165227.8398705,23.950148130010348,608.842,-0.7427647252736115,-0.7756819308874502,1.5991056959133936
3,X->Y,1788165227.925635,24.03591273498023,608.944,-0.7434665955305723,-0.7522556230875058,1.6030225301687584
3,X->Y,1788165228.0771816,24.187458819011226,609.08,-0.7445430679640894,-0.7210051908803793,1.6082087300215107
3,X->Y,1788165228.980733,25.091010509990156,609.556,-0.7495532388052771,-0.6115299341514084,1.6249683356474531
3,X->Y,1788165228.993472,25.103749023983255,609.624,-0.7504134321360347,-0.5958756876973141,1.6271102199402925
3,X->Y,1788165229.0046668,25.11494383099489,609.692,-0.7513078450856977,-0.5802207589429262,1.629162970338047
3,X->Y,1788165229.0146196,25.124896389024798,609.76,-0.7524058316820749,-0.5618829886493303,1.6335058790697983
3,X->Y,1788165229.023115,25.133391859009862,609.828,-0.7536228111356403,-0.5428479027797942,1.635638669858423
3,X->Y,1788165229.0308707,25.14114779001102,609.896,-0.7548618101103689,-0.5237572785726339,1.635825973206548
3,X->Y,1788165229.6629224,25.773200160998385,610.236,-0.7612953548512045,-0.428338873855577,1.6385873099606854
3,X->Y,1788165229.7454686,25.85574640199775,610.338,-0.7632258047418146,-0.3996850393828378,1.637927027478866
3,X->Y,1788165229.8971457,26.007423583010677,610.474,-0.7658040658379511,-0.36144706672299615,1.6384873445901194
3,X->Y,1788165230.0451443,26.15542186400853,610.576,-0.7677170525066725,-0.33296912954887703,1.6347146185065031
3,X->Y,1788165230.1893606,26.29963784699794,610.678,-0.7694717550693538,-0.3043620533627095,1.6297103269403534
3,X->Y,1788165230.4721513,26.582428577996325,610.848,-0.7722415644506735,-0.2565856287331019,1.6280161803838578
3,X->Y,1788165230.6232033,26.73348093801178,610.984,-0.7744196473716636,-0.2183485677277676,1.6273428139156052
3,X->Y,1788165230.7673824,26.87765970599139,611.086,-0.7760348214549906,-0.1896640480441564,1.6267038721203126
3,X->Y,1788165230.8421133,26.95239023101749,611.154,-0.7770999761908947,-0.17053898983196716,1.6261695965730327
3,X->Y,1788165231.132739,27.24301649600966,611.358,-0.7802234954700531,-0.11316681359777155,1.6238947536107127
3,X->Y,1788165231.2140894,27.324367150024045,611.46,-0.7817301874001711,-0.08447918340944993,1.6224492858332917
3,X->Y,1788165231.3648627,27.475139970018063,611.596,-0.7836700130122497,-0.046233242690169304,1.6202243574192001
3,X->Y,1788165231.6455207,27.755798002996016,611.766,-0.7859628813954194,0.001570314245997532,1.6168794310114927
3,X->Y,1788165231.730201,27.840478589991108,611.868,-0.7872574182686801,0.030255814787890082,1.614663507762177
3,X->Y,1788165232.0811243,28.191401680989657,612.072,-0.7896500768986464,0.08762494498612715,1.6098107182588994
3,X->Y,1788165232.2266736,28.336951174016576,612.174,-0.790735409018775,0.11631209047600624,1.607256578385886
3,X->Y,1788165232.3021805,28.41245796001749,612.242,-0.7914216049217766,0.13543675366166733,1.6055322856251735
3,X->Y,1788165232.3843396,28.494617103016935,612.344,-0.7923859652556056,0.1641136465008198,1.60280507319484
3,X->Y,1788165232.5342867,28.644564420974348,612.48,-0.7935440316044633,0.2023439151355529,1.598933251015394
3,X->Y,1788165232.6830149,28.79329271201277,612.582,-0.7943117864156949,0.2310218574852942,1.5960023175351645
3,X->Y,1788165233.0333593,29.143636778986547,612.786,-0.7956028149752821,0.28836034317982134,1.5899852691958445
3,X->Y,1788165233.0463722,29.15664957201807,612.854,-0.7959475110642004,0.3074655060451677,1.5879191075932069
3,X->Y,1788165233.193867,29.304144343012013,612.99,-0.7965314056683827,0.34566358480270776,1.5837371111551264
3,X->Y,1788165233.7584372,29.868714727985207,613.296,-0.7972500342933153,0.431519437361236,1.5737958406954262
3,X->Y,1788165233.7726707,29.882947953010444,613.364,-0.7972815903562356,0.45057896674785175,1.5714578775737256
3,X->Y,1788165234.197891,30.308168396004476,613.636,-0.7970011235584757,0.5267273695555312,1.56204181568072
3,X->Y,1788165234.2110791,30.321356682979967,613.704,-0.7968053774984911,0.5457430483240668,1.5596736461097018
3,X->Y,1788165234.2223713,30.332648622978013,613.772,-0.7965705275312968,0.5647508081064614,1.5573495890679017
3,X->Y,1788165234.5042577,30.614535577013157,613.942,-0.7958145269560754,0.6122250339073858,1.5514313449880603
3,X->Y,1788165234.8610055,30.971283051010687,614.18,-0.7942539004896794,0.6785777476508368,1.5429934582235971
3,X->Y,1788165234.9365902,31.046867504017428,614.248,-0.7937237052143167,0.6975206739625377,1.540660063980854
3,X->Y,1788165235.0199368,31.13021422899328,614.35,-0.7928190371085461,0.7259075358054455,1.5372839694563378
3,X->Y,1788165235.725859,31.836136355996132,614.758,-0.7882757629651617,0.8393442947993851,1.5208771429885986
3,X->Y,1788165235.7400963,31.850373600027524,614.826,-0.7872818580474024,0.858308018033743,1.5176883784257886
3,X->Y,1788165235.750505,31.860782528994605,614.894,-0.7862840743067152,0.8773762925461178,1.517809339347571
3,X->Y,1788165235.7602303,31.87050746701425,614.962,-0.7852814861508468,0.8962050439356002,1.5170992400684136
3,X->Y,1788165236.1127195,32.222997307020705,615.2,-0.7819191119276467,0.9626308019110901,1.5217939665229765
3,X->Y,1788165236.1883023,32.298580203030724,615.268,-0.7810171331863295,0.9817278405947104,1.5244219692204095
3,X->Y,1788165236.332581,32.442858647031244,615.37,-0.7797169710538434,1.0100116502862977,1.5250334030299806
3,X->Y,1788165236.755573,32.86585051199654,615.608,-0.7767808540860971,1.0766127400450927,1.5352038984886882
3,X->Y,1788165236.768938,32.879215512017254,615.676,-0.776132764661232,1.095515699816304,1.537091483644634
3,X->Y,1788165236.980806,33.09108390798792,615.812,-0.7748587370518912,1.1333445513505536,1.5373293657141658
3,X->Y,1788165236.994193,33.10447021701839,615.88,-0.7742228587525197,1.1522625951247591,1.5371343242126063
3,X->Y,1788165237.486534,33.596811352006625,616.152,-0.7716456445550663,1.227933029416265,1.536743314176755
3,X->Y,1788165237.4996035,33.60988055798225,616.22,-0.7709995116686538,1.2468521667833723,1.5368014389717228
3,X->Y,1788165237.5109503,33.6212276610313,616.288,-0.7703466152514873,1.2657760045116884,1.5369436096341182
3,X->Y,1788165237.6539078,33.764185292995535,616.39,-0.7694087373749384,1.2941598708685829,1.5373004813190103
3,X->Y,1788165238.0766795,34.186956608027685,616.628,-0.7671950289784524,1.3604009128596097,1.5388137085825153
3,X->Y,1788165238.0924237,34.20270099298796,616.696,-0.7666178597483868,1.3793332052677767,1.5394410232684073
3,X->Y,1788165238.1034052,34.21368235902628,616.764,-0.7660152183229462,1.3982668925966624,1.5401354351467564
3,X->Y,1788165238.5275993,34.637877147004474,617.036,-0.7638017299920612,1.4740366748165272,1.5435232995516015
3,X->Y,1788165238.678957,34.78923485899577,617.172,-0.7628074846651915,1.5119500028896136,1.545645466554862
3,X->Y,1788165238.8240957,34.93437428801553,617.274,-0.7621108866992907,1.540390133900116,1.5473915184747375
3,X->Y,1788165238.9686286,35.07890642102575,617.376,-0.76144104929901,1.5688422179737536,1.5492746866925269
3,X->Y,1788165239.1145124,35.224790067004506,617.478,-0.7608646424209612,1.5973072783955933,1.5513138453740387
3,X->Y,1788165239.3289106,35.43918812298216,617.614,-0.7601530324503514,1.6352693971291248,1.5541427005786983
3,X->Y,1788165239.3414042,35.45168139197631,617.682,-0.7598403798901223,1.6542583682667213,1.5556169898971834
3,X->Y,1788165239.6259866,35.73626380600035,617.852,-0.7592218940494068,1.7017538438813276,1.559456457220321
3,X->Y,1788165239.7769299,35.88720703101717,617.988,-0.7588020650138034,1.739771087662491,1.5627012786999883
3,X->Y,1788165239.990202,36.10047941398807,618.124,-0.7585736107030194,1.777803982238797,1.566076725547033
3,X->Y,1788165240.0033193,36.113596618000884,618.192,-0.7584973976776888,1.796827706286183,1.567795668277787
3,X->Y,1788165240.1457434,36.25602059799712,618.294,-0.7584072401960525,1.825370020361035,1.5703880752588546
3,X->Y,1788165240.2895246,36.39980235800613,618.396,-0.7584405300983182,1.8539204219609582,1.5729750577859902
3,X->Y,1788165240.574943,36.6852203180315,618.566,-0.7586509278885241,1.901527535070615,1.577286035520343
3,X->Y,1788165240.7258036,36.836080789973494,618.702,-0.7589406077358888,1.939630444137992,1.5807617878595241
3,X->Y,1788165240.7397249,36.85000218602363,618.77,-0.7591287259617343,1.9586854201579478,1.582504391528476
3,X->Y,1788165241.3007252,37.41100294701755,619.076,-0.760445919827076,2.044469015258055,1.5904488450996286
3,X->Y,1788165241.3146,37.4248771549901,619.144,-0.7608695281641003,2.0635396192569924,1.5922214855474863
3,X->Y,1788165241.9505887,38.06086657801643,619.518,-0.7635686755818273,2.1684715689974774,1.6025903013657639
3,X->Y,1788165241.964291,38.074568611977156,619.586,-0.7642201010972954,2.1875541474827314,1.60468865983342
3,X->Y,1788165241.9759936,38.086270787985995,619.654,-0.7648695688213195,2.2066402712099764,1.6068934354459248
3,X->Y,1788165242.6143303,38.72460790799232,620.028,-0.7693258012078023,2.3116275329922247,1.6216713717954558
3,X->Y,1788165242.6271026,38.737379990983754,620.096,-0.7703566826167716,2.3307222651730455,1.6250611682977334
3,X->Y,1788165242.6386406,38.74891809397377,620.164,-0.7713901168193557,2.349818210567376,1.6287790963421538
3,X->Y,1788165242.7184522,38.82872960198438,620.266,-0.7731510774113339,2.3784555812550163,1.6349753538370202
3,X->Y,1788165243.2218878,39.332165293977596,620.572,-0.7795423690884223,2.464252757219285,1.658824961945773
3,X->Y,1788165243.366948,39.47722530900501,620.674,-0.7821441286825954,2.4926541548592334,1.6663772963739847
3,X->Y,1788165243.5143604,39.62463780300459,620.776,-0.7849351940300562,2.5209562734291198,1.6747417630913835
3,X->Y,1788165243.5273626,39.63763973797904,620.844,-0.787003803240426,2.5400266056025202,1.6796519969618682
3,X->Y,1788165243.676558,39.78683550201822,620.98,-0.7911298022027324,2.5774685099877335,1.6821115257008974
3,X->Y,1788165243.9586372,40.06891516200267,621.15,-0.7967571758313792,2.6248740887807087,1.6983458524184722
3,X->Y,1788165244.247894,40.358172004984226,621.354,-0.804420438905223,2.681099791606586,1.7093694015449126
3,X->Y,1788165244.3336074,40.44388475100277,621.456,-0.808491785725929,2.7093384886210234,1.718967834532332
3,X->Y,1788165244.8356032,40.94588056701468,621.762,-0.8221214888647448,2.7935289686297615,1.7433097797423087
3,X->Y,1788165244.8479614,40.95823859801749,621.83,-0.8254367741103574,2.812343322371858,1.745823068716354
3,X->Y,1788165244.8590755,40.96935282897903,621.898,-0.8287636467210489,2.8309738280253205,1.7531414922220019
3,X->Y,1788165245.0034785,41.11375576001592,622.0,-0.8339650790215961,2.858694770079577,1.7593616933000598
3,X->Y,1788165245.6346908,41.74496848601848,622.34,-0.8524659775823373,2.9514741851785735,1.775979803001178
3,X->Y,1788165245.6500387,41.76031649700599,622.408,-0.8562636340733248,2.969995171857718,1.7748402036744804
3,X->Y,1788165245.6630957,41.77337304397952,622.476,-0.8602261926183051,2.988855949905608,1.7798550830282969
3,X->Y,1788165245.9508615,42.061138966004364,622.646,-0.8701406804474293,3.0346457958572093,1.7846898171464272
3,X->Y,1788165246.1024528,42.21273019700311,622.782,-0.8782215706476604,3.07187422255733,1.7873754104002724
3,X->Y,1788165246.1777718,42.288049525988754,622.85,-0.882284323681016,3.0902847289544817,1.7896819727860018
3,X->Y,1788165246.3308623,42.441139856993686,622.986,-0.8903592128832366,3.1269563162129845,1.783927921561793
3,X->Y,1788165246.47856,42.5888374929782,623.088,-0.896416105423339,3.154965704067905,1.7854534475151354
3,X->Y,1788165246.626966,42.737243479990866,623.19,-0.9023531187349474,3.1821664472208195,1.784392090809284
3,X->Y,1788165246.842063,42.952340363990515,623.326,-0.9101688345021014,3.2194733439778016,1.7725587674691947
3,X->Y,1788165246.8556385,42.965916172019206,623.394,-0.9139806057474819,3.2380829522310544,1.7734261789836754
3,X->Y,1788165247.2075307,43.31780867802445,623.598,-0.9250984168727846,3.2930323091696683,1.7664326018172518
3,X->Y,1788165247.220691,43.33096825098619,623.666,-0.9280282780084477,3.3081748962460096,1.7597455643079662
3,X->Y,1788165247.5790384,43.68931677303044,623.904,-0.9375090936638852,3.3591995416270355,1.7478051240980714
3,X->Y,1788165247.5927396,43.70301722199656,623.972,-0.9400432310699737,3.37379764838581,1.7385909997725373
3,X->Y,1788165248.0190897,44.129366869980004,624.21,-0.9480336731255334,3.4227731797864083,1.728879945645837
3,X->Y,1788165248.035474,44.14575191301992,624.278,-0.9502388533968767,3.4367053859543613,1.7266164883951411
3,X->Y,1788165248.1116285,44.22190586500801,624.346,-0.952319925416309,3.4501532279129385,1.7198037116118015
3,X->Y,1788165248.6097963,44.72007417900022,624.652,-0.9619330159673708,3.523896891328706,1.6898946872638654
3,X->Y,1788165248.6225777,44.732855052978266,624.72,-0.9637801441533556,3.539280516249393,1.687070095314208
3,X->Y,1788165248.6332202,44.74349696200807,624.788,-0.9655706951320243,3.554857581399066,1.6857488531331528
3,X->Y,1788165248.7784188,44.88869620999321,624.89,-0.9682014028211489,3.5780323917415595,1.6800371095752478
3,X->Y,1788165249.268418,45.378695530991536,625.162,-0.9740824537020152,3.6399094998877297,1.6558511920220973
3,X->Y,1788165249.2809756,45.39125281502493,625.23,-0.9754075586067286,3.6554979842785977,1.6541402081091658
3,X->Y,1788165249.2927208,45.40299828897696,625.298,-0.9768213278736214,3.672148067422716,1.652187944659812
3,X->Y,1788165249.436968,45.54724572901614,625.4,-0.979027478703599,3.7002520399762604,1.645821926128802
3,X->Y,1788165249.6503644,45.760641896980815,625.536,-0.9817207800209884,3.7383472227218815,1.638427119530972
3,X->Y,1788165250.083124,46.193401248019654,625.808,-0.9863045575923665,3.814552380842009,1.6209398982967331
3,X->Y,1788165250.0964098,46.206687061989214,625.876,-0.9872030264881817,3.8336147638990186,1.615887505198094
3,X->Y,1788165250.3089843,46.41926215199055,626.012,-0.9887528534067854,3.8717355561937747,1.6049065826099436
3,X->Y,1788165250.3222444,46.432521600974724,626.08,-0.9893347049656444,3.8907982253070834,1.5990018179122052
3,X->Y,1788165250.4654694,46.57574681198457,626.182,-0.9900210018041768,3.9193951882884126,1.5896605761397504
3,X->Y,1788165250.7502353,46.86051301797852,626.352,-0.9905971890064128,3.9670631177187325,1.5728882922548042
3,X->Y,1788165250.9013638,47.01164180401247,626.488,-0.9903988710069345,4.005190016218975,1.5584760403583453
3,X->Y,1788165251.0476763,47.1579540889943,626.59,-0.9899129769268806,4.0337754618794435,1.547120868704774
3,X->Y,1788165251.1244934,47.23477057099808,626.658,-0.9894080681800707,4.052827053085393,1.5392963496945937
3,X->Y,1788165251.2758732,47.38615059200674,626.794,-0.9879708672137294,4.090909882329219,1.5229740631254294
3,X->Y,1788165251.560712,47.67099002900068,626.964,-0.9852083821668464,4.13846135228089,1.5013145515419466
3,X->Y,1788165251.7141404,47.82441827299772,627.1,-0.9822616617635972,4.176447330635727,1.4828820351791279
3,X->Y,1788165251.862575,47.97285269899294,627.202,-0.9795967849977503,4.204891663873199,1.4684481644377707
3,X->Y,1788165251.8754704,47.985747586993966,627.27,-0.9775626006973976,4.22383301985865,1.4585003270723733
3,X->Y,1788165252.0204027,48.13067999301711,627.372,-0.9741842622785991,4.252201693550305,1.4430491487840469
3,X->Y,1788165252.719549,48.82982618699316,627.746,-0.958090849009406,4.35541134140639,1.3879248988026125
3,X->Y,1788165252.734053,48.844330155989155,627.814,-0.9545859755239299,4.3741141704239475,1.3792262319552675
3,X->Y,1788165252.7453213,48.85559846897377,627.882,-0.9508656826542591,4.392808971525892,1.3697435558438766
3,X->Y,1788165252.7562075,48.86648470000364,627.95,-0.947012385108234,4.411453379202587,1.3617014238385612
3,X->Y,1788165253.113737,49.22401478502434,628.188,-0.9346227744825407,4.467125407266117,1.340526448469368
3,X->Y,1788165253.189569,49.299846607027575,628.256,-0.9309821109640295,4.4823379857277965,1.3292084764370988
3,X->Y,1788165253.3450902,49.45536787202582,628.392,-0.9232224910434378,4.512632804609758,1.308592746161111
3,X->Y,1788165253.4927897,49.60306752799079,628.494,-0.9169848505373723,4.53532683965057,1.2970604907695178
3,X->Y,1788165253.6397197,49.74999698897591,628.596,-0.9105908423617465,4.55789685633476,1.2892172294456854
3,X->Y,1788165253.7169008,49.82717845501611,628.664,-0.9061749107174143,4.572866480718136,1.2750316867438973
3,X->Y,1788165253.9429872,50.05326520401286,628.834,-0.8945477236107742,4.609195366556788,1.244717665019329
3,X->Y,1788165254.0950904,50.2053680139943,628.97,-0.8886940823428873,4.626368492648385,1.240996291637518
3,X->Y,1788165254.3775764,50.487853844009805,629.14,-0.8795048309343492,4.652815276920899,1.2261931376758086
3,X->Y,1788165254.4604352,50.57071291201282,629.242,-0.8745410376290684,4.666424633061554,1.2164553396854214
3,X->Y,1788165254.610655,50.72093222697731,629.378,-0.8702721335110086,4.677830233711617,1.2043744099406926
3,X->Y,1788165255.11437,51.224647313996684,629.684,-0.8646599371415105,4.6922830666132045,1.201334301663833
3,X->Y,1788165255.1281009,51.23837797198212,629.752,-0.860033875923946,4.704214970779931,1.1984878780864365
3,X->Y,1788165255.2779264,51.38820391497575,629.888,-0.849617322533695,4.73002139721206,1.1686689598715754
3,X->Y,1788165255.842863,51.95314104901627,630.194,-0.8258018227484072,4.781283126165842,1.0993069918435545
3,X->Y,1788165255.8572314,51.96750841900939,630.262,-0.8203180120709618,4.791976081292675,1.092945910465978
3,X->Y,1788165255.868699,51.97897605597973,630.33,-0.8146713714626433,4.80278259986027,1.0820658138379255
3,X->Y,1788165255.8791218,51.98939874797361,630.398,-0.8088752492729249,4.813515610681179,1.064878870578044
3,X->Y,1788165256.3023152,52.41259257798083,630.636,-0.7875424500428941,4.8495964711049835,1.0087070951398793
3,X->Y,1788165256.4555435,52.56582092499593,630.772,-0.7760529281313107,4.867550153934985,0.9880416204231875
3,X->Y,1788165256.5995867,52.70986445399467,630.874,-0.7669464633897092,4.881042319080023,0.9630945142686874
3,X->Y,1788165256.7442584,52.854536216007546,630.976,-0.7575382375250805,4.89427752177282,0.9423201111082856
3,X->Y,1788165256.827865,52.93814222299261,631.078,-0.7511010793479379,4.903073747289487,0.9343146935118235
3,X->Y,1788165257.253479,53.36375622800551,631.316,-0.7288303954008813,4.9321872050992965,0.8904368601021659
3,X->Y,1788165257.2663574,53.376634574029595,631.384,-0.7218563638480362,4.940681536445657,0.8733678124726849
3,X->Y,1788165257.4852352,53.59551294700941,631.52,-0.7073120012942833,4.957514009619943,0.8384971070931476
3,X->Y,1788165257.5040796,53.6143566769897,631.588,-0.6994705181108886,4.966128356444939,0.8249402394734385
3,X->Y,1788165257.650018,53.76029617199674,631.69,-0.68726436817856,4.979149976293341,0.8068287639435335
3,X->Y,1788165257.8666363,53.97691369097447,631.826,-0.6716632186455891,4.9950031871479315,0.7760565072188229
3,X->Y,1788165257.878744,53.98902104399167,631.894,-0.6636718554067681,5.002740340988119,0.7594490541440413
3,X->Y,1788165258.0244527,54.134730662975926,631.996,-0.6509595212743936,5.014546181614767,0.7360973821467265
3,X->Y,1788165258.1697502,54.28002760699019,632.098,-0.6369005701311656,5.027046593922226,0.7143854503093364
3,X->Y,1788165258.4554079,54.565685382985976,632.268,-0.6145702479975764,5.045832711729051,0.6817118394894952
3,X->Y,1788165258.5340517,54.644329325004946,632.336,-0.6054641028455878,5.0531355462774785,0.6679382288606155
3,X->Y,1788165258.6209433,54.7312209510128,632.438,-0.5910543249354487,5.06428943511265,0.6486817290132587
3,X->Y,1788165258.9146178,55.0248961399775,632.642,-0.5602335215175145,5.0868767884227655,0.6124022151903542
3,X->Y,1788165259.0692508,55.17952956003137,632.778,-0.5393753041212551,5.1011634186435755,0.5869423862655998
3,X->Y,1788165259.2133045,55.323582170996815,632.88,-0.5231395296302918,5.111763895722094,0.5683211990583957
3,X->Y,1788165259.566871,55.67714893701486,633.084,-0.4872804946938036,5.133709989055186,0.5288639681292049
3,X->Y,1788165259.6431496,55.7534271950135,633.152,-0.47524317542809164,5.140661021101016,0.5166847611517227
3,X->Y,1788165259.7257392,55.836016677028965,633.254,-0.4570403776011725,5.150812775176514,0.4991274585410684
3,X->Y,1788165259.880996,55.991273385006934,633.39,-0.4315915612764636,5.164314093949406,0.4726528832732932
3,X->Y,1788165260.1672976,56.27757491503144,633.56,-0.3893602201610177,5.184661918616503,0.42425112919840297
3,X->Y,1788165260.3205202,56.430797771026846,633.696,-0.35449405376549775,5.199734251680969,0.38827786134298176
3,X->Y,1788165260.3976202,56.5078973940108,633.764,-0.3367782307502951,5.206846415434071,0.37284695301992427
3,X->Y,1788165260.5484457,56.65872320899507,633.9,-0.3011783883658028,5.219951457338729,0.32708308288135424
3,X->Y,1788165260.6255915,56.73586934199557,633.968,-0.28305410017609506,5.225946491419825,0.30932225466713603
3,X->Y,1788165260.770652,56.880929752020165,634.07,-0.25571565204821534,5.234412622973745,0.28958567892555226
3,X->Y,1788165260.9163759,57.02665326098213,634.172,-0.22822631462022233,5.242317739489871,0.2681116600037332
3,X->Y,1788165261.0617383,57.172015797987115,634.274,-0.20057208321294984,5.249684606134278,0.25072272843525495
3,X->Y,1788165261.1396062,57.24988368799677,634.342,-0.18208161184362895,5.254300396988498,0.23506095594702467
3,X->Y,1788165261.2911468,57.40142443100922,634.478,-0.14486467981678808,5.262766892160251,0.21104535384192324
3,X->Y,1788165261.5791419,57.68941966001876,634.648,-0.09812286437547138,5.272210177636459,0.18586349567287402
3,X->Y,1788165261.6686685,57.77894571702927,634.75,-0.06997273758387396,5.27731751674451,0.17095852842986556
3,X->Y,1788165261.8229766,57.93325418699533,634.886,-0.03232219682048038,5.283470717522672,0.15075394952076676
3,X->Y,1788165261.9688337,58.07911120902281,634.988,-0.004003504457442168,5.28758029751543,0.13520305752568243
3,X->Y,1788165262.3292072,58.439485114009585,635.192,0.05281946433942045,5.294450598084875,0.1025973751368668
3,X->Y,1788165262.3449562,58.45523346401751,635.26,0.07180866962577225,5.2963211667150265,0.09115132404638665
3,X->Y,1788165262.5647962,58.67507381900214,635.43,0.11937194446759529,5.300023927477437,0.06100721733360312
3,X->Y,1788165262.5783606,58.68863827199675,635.498,0.13842828210641345,5.30109568451113,0.0481876046908251
3,X->Y,1788165262.7232938,58.833571497001685,635.6,0.16703742899434243,5.302235700867408,0.028078818066585357
3,X->Y,1788165263.0091393,59.11941649502842,635.77,0.2147594060158332,5.30281481633384,-0.007930695856475097
3,X->Y,1788165263.1593726,59.26965036097681,635.872,0.24339421799671487,5.302315340167631,-0.030975333599738482
3,X->Y,1788165263.3769598,59.487237485009246,636.008,0.28154657177920933,5.300597778067898,-0.06351289794436704
3,X->Y,1788165263.3909452,59.501222643011715,636.076,0.3005997091807103,5.299266479737582,-0.08056147631604661
3,X->Y,1788165263.467008,59.57728570298059,636.144,0.31962908739571316,5.297606828633279,-0.09808891565268991
3,X->Y,1788165263.6246893,59.73496721498668,636.28,0.3575903888005983,5.29327005363699,-0.1344464005316587
3,X->Y,1788165263.776951,59.88722848397447,636.382,0.3859438330894293,5.2891007125984215,-0.16275670349499674
3,X->Y,1788165263.994455,60.10473254497629,636.518,0.4235305494122097,5.2822823821962395,-0.2015118624458201
3,X->Y,1788165264.0080261,60.11830326501513,636.586,0.4422144719240513,5.278324828935298,-0.2212542218980228
3,X->Y,1788165264.2921185,60.40239635598846,636.756,0.48846786474204434,5.266770265501477,-0.2758021637488949
3,X->Y,1788165264.3739135,60.48419104801724,636.858,0.515929146239595,5.258695557021768,-0.3007991600410632
3,X->Y,1788165264.525222,60.63549995800713,636.994,0.5522048826109728,5.246865892844772,-0.3331256441617286
3,X->Y,1788165264.809152,60.91942943702452,637.164,0.596957928271811,5.23043715251432,-0.3724936438274801
3,X->Y,1788165265.1659403,61.27621773100691,637.402,0.6585339610791423,5.204848505310922,-0.41207949362087426
3,X->Y,1788165265.1805313,61.29080849600723,637.47,0.6759722879516503,5.197109041775404,-0.42778910551527816
3,X->Y,1788165265.2557573,61.366035219980404,637.538,0.6932865534490111,5.189076765436695,-0.4454762143210215
3,X->Y,1788165265.408548,61.51882573100738,637.674,0.7274905750462529,5.172158007278607,-0.4775012358391348
3,X->Y,1788165265.6285603,61.73883849801496,637.81,0.7611471755514775,5.154226800946108,-0.5056020273562875
3,X->Y,1788165265.644247,61.75452412501909,637.878,0.7777839639405904,5.144887930767576,-0.5211053938058651
3,X->Y,1788165266.209869,62.32014631701168,638.184,0.8510897458725298,5.1002443087504075,-0.5780546890733353
3,X->Y,1788165266.2236178,62.33389521401841,638.252,0.8670254735239594,5.089733861754919,-0.5907258323385646
3,X->Y,1788165266.2355106,62.345787598984316,638.32,0.8828587794046097,5.07901338076608,-0.6026914498818108
3,X->Y,1788165266.2460637,62.35634071700042,638.388,0.8985537126168142,5.068105604909313,-0.6139110181306789
3,X->Y,1788165266.6693168,62.77959460997954,638.626,0.9528439880251508,5.028974956740929,-0.6317148761199038
3,X->Y,1788165266.6827729,62.793051606975496,638.694,0.9684542578950424,5.017479127991216,-0.640498153784807
3,X->Y,1788165266.82607,62.93634723202558,638.796,0.9917800682420953,4.999935106759463,-0.650648141346183
3,X->Y,1788165266.9703052,63.08058253902709,638.898,1.0143268242690373,4.982614300851891,-0.6606508267911612
3,X->Y,1788165267.1159995,63.226277164008934,639.0,1.0371634063045145,4.9647113727235075,-0.6700733487750613
3,X->Y,1788165267.191299,63.301576414029114,639.068,1.0518980216202436,4.952980805490186,-0.6749620490955321
3,X->Y,1788165267.4790375,63.58931565500097,639.238,1.088986931812024,4.922849500268456,-0.6913763154918403
3,X->Y,1788165267.631708,63.74198546400294,639.374,1.1180735085985722,4.898530417645239,-0.7024435451294301
3,X->Y,1788165267.8472743,63.957551856990904,639.51,1.1473362342920452,4.873495286488706,-0.7133638657924714
3,X->Y,1788165267.8617067,63.971984027011786,639.578,1.1619117067330227,4.860856418642844,-0.7175765719799967
3,X->Y,1788165268.1466715,64.25694917899091,639.748,1.1979192632741902,4.829151159841898,-0.7274895974312815
3,X->Y,1788165268.2283869,64.33866450202186,639.85,1.2189694579571684,4.810279124370153,-0.7366982854373362
3,X->Y,1788165268.5253851,64.63566259999061,640.054,1.2610880991409363,4.771510323995311,-0.7493543973876565
3,X->Y,1788165268.675282,64.78555999399396,640.19,1.2890301572574416,4.745396549441703,-0.754504193245777
3,X->Y,1788165268.8883278,64.99860544299008,640.326,1.3167853284414717,4.719093682149002,-0.7623328679170881
3,X->Y,1788165268.90096,65.01123777299654,640.394,1.3300885877826663,4.706333626762534,-0.767361550914555
3,X->Y,1788165269.0445106,65.15478827100014,640.496,1.3506701072640588,4.686316931489959,-0.7749374123559539
3,X->Y,1788165269.331342,65.44161983800586,640.666,1.3846573777915496,4.652911873649352,-0.7801019207860092
3,X->Y,1788165269.3438911,65.45416833698982,640.734,1.3983700417421145,4.639294075630919,-0.7822751366703594
3,X->Y,1788165269.7743988,65.88467634498375,641.006,1.4523189739833524,4.585237079150136,-0.7931231892505062
3,X->Y,1788165269.790189,65.90046635002363,641.074,1.4657262964570639,4.5715463809043655,-0.7963645792274376
3,X->Y,1788165270.0758443,66.18612208799459,641.244,1.4994936517683248,4.537089994381582,-0.7963670211917416
3,X->Y,1788165270.6457844,66.75606286601396,641.584,1.565154972156587,4.468641261266398,-0.8190402429063184
3,X->Y,1788165270.659308,66.76958537602331,641.652,1.578065259818832,4.454770589850865,-0.8214489802203689
3,X->Y,1788165270.6714041,66.78168161900248,641.72,1.5906715267228901,4.441215638459818,-0.8257229109123688
3,X->Y,1788165270.6823273,66.79260441299994,641.788,1.603370205180666,4.427385346895659,-0.8324010551050848
3,X->Y,1788165270.9653404,67.07561791001353,641.958,1.6350967138300758,4.392296668618946,-0.8373763238250882
3,X->Y,1788165271.2537901,67.36406774900388,642.162,1.672945470604723,4.349726050464656,-0.8500072785005981
3,X->Y,1788165271.3368213,67.44709871400846,642.264,1.6916646155154786,4.328369413908556,-0.8528090916086302
3,X->Y,1788165271.5607812,67.67105914402055,642.434,1.7225293335504142,4.29296755229032,-0.856668254818684
3,X->Y,1788165271.7110286,67.82130631897599,642.57,1.7473196100290027,4.264087089754273,-0.8628253626458721
3,X->Y,1788165271.9272027,68.03748094901675,642.706,1.772237163411284,4.235103163174578,-0.8600670024848363
3,X->Y,1788165271.9423018,68.05257975001587,642.774,1.7845741720029882,4.22075905112681,-0.8586099811168275
3,X->Y,1788165272.0869904,68.19726923498092,642.876,1.8032199829808602,4.199177064540387,-0.8578577263077996
3,X->Y,1788165272.232103,68.34238060499774,642.978,1.8212001568429932,4.178287525063684,-0.8637527292185995
3,X->Y,1788165272.7328014,68.8430790239945,643.25,1.8706004033824457,4.120556672284111,-0.8567722489154366
3,X->Y,1788165272.7462828,68.8565600879956,643.318,1.8826684006397234,4.1067176656524715,-0.8544873448148839
3,X->Y,1788165272.7580018,68.86827899102354,643.386,1.8948818638279183,4.092639099377441,-0.8540593970574443
3,X->Y,1788165272.9024167,69.0126941310009,643.488,1.9141028146558412,4.070754680273403,-0.8428256848056702
3,X->Y,1788165273.125781,69.23605875298381,643.624,1.9390442635658902,4.043055674488315,-0.8321795472906546
3,X->Y,1788165273.1388497,69.24912712699734,643.692,1.9515863035435352,4.029399767697492,-0.8274132951761953
3,X->Y,1788165273.2823713,69.3926489430014,643.794,1.9708806543029365,4.008539017006308,-0.8177779505612078
3,X->Y,1788165273.4267368,69.53701438597636,643.896,1.990422589945174,3.9879548161694394,-0.8024379695352539
3,X->Y,1788165273.8501728,69.96044990798691,644.134,2.035946697184682,3.9428927021761613,-0.7561013445559717
3,X->Y,1788165273.931265,70.04154255602043,644.236,2.0531996365073275,3.9268446628028424,-0.7383112332978844
3,X->Y,1788165274.4270785,70.53735593502643,644.542,2.1011368290629475,3.8849901738326937,-0.6900469658409952
3,X->Y,1788165274.4408457,70.5511233949801,644.61,2.1122596462086336,3.875875068020843,-0.6760778941393851
3,X->Y,1788165274.4522877,70.56256485800259,644.678,2.123032392947546,3.8673485520930617,-0.6627625894670064
3,X->Y,1788165274.73831,70.84858802199597,644.848,2.1504392715687026,3.8465562414648633,-0.6319730769384697
3,X->Y,1788165275.0303185,71.14059601799818,645.052,2.183681314919872,3.823134393325572,-0.594886149240069
3,X->Y,1788165275.115135,71.22541240300052,645.154,2.2006341904587092,3.8118232279906787,-0.5796315364192426
3,X->Y,1788165275.2662876,71.37656501500169,645.29,2.222805323098163,3.797552548369165,-0.5601754541664533
3,X->Y,1788165275.5481205,71.65839800599497,645.46,2.2517100622996065,3.7800015840128203,-0.5292203397268583
3,X->Y,1788165275.7010732,71.81135065498529,645.596,2.275783357812112,3.7662039494090482,-0.5082171216617973
3,X->Y,1788165275.8470871,71.95736479503103,645.698,2.293110047493763,3.7567227600042443,-0.4914702762406934
3,X->Y,1788165275.9220285,72.03230574697955,645.766,2.30473566425998,3.7505497073617233,-0.4828158784223665
3,X->Y,1788165276.2117212,72.32199887698516,645.97,2.3417636045323813,3.732165450895987,-0.43691558261600716
3,X->Y,1788165276.356771,72.46704838500591,646.072,2.361256618349479,3.723210474862996,-0.42156912801819807
3,X->Y,1788165276.4325585,72.54283650801517,646.14,2.3741910539769147,3.7174784594547017,-0.4091138453992059
3,X->Y,1788165276.931592,73.0418693870306,646.446,2.4323407595813027,3.6939577154201406,-0.35749293840171054
3,X->Y,1788165276.9454906,73.05576837802073,646.514,2.4460421927699407,3.688958306824319,-0.33682148016602925
3,X->Y,1788165276.9570708,73.06734808901092,646.582,2.4607537136621445,3.683923835410022,-0.3190098169659786
3,X->Y,1788165277.1008117,73.21108922502026,646.684,2.4829631982778477,3.6767681288405965,-0.30253502942511934
3,X->Y,1788165277.245826,73.35610342602013,646.786,2.5052989673038266,3.6699782545093433,-0.285061201042473
3,X->Y,1788165277.3911846,73.50146220601164,646.888,2.528835156057736,3.6632651846851516,-0.2647572351838945
3,X->Y,1788165277.6721487,73.78242618701188,647.058,2.574879707816149,3.651762547274928,-0.22513735947834643
3,X->Y,1788165277.8256009,73.93587816797663,647.194,2.6120130788957683,3.6436417572606983,-0.2030072291127693
3,X->Y,1788165278.039981,74.15025817602873,647.33,2.649318941425388,3.6363217718023124,-0.1818527120039989
3,X->Y,1788165278.0541117,74.16438912402373,647.398,2.668029148917081,3.6329556968077785,-0.1714452880988883
3,X->Y,1788165278.2671857,74.37746287201298,647.534,2.7055438899694972,3.6268121550217125,-0.1505915572357014
3,X->Y,1788165278.4175193,74.52779673202895,647.67,2.743169439739736,3.621446181379332,-0.1301702828937416
3,X->Y,1788165278.5634565,74.67373374098679,647.772,2.7714581746000984,3.617922751890452,-0.1150575958246743
3,X->Y,1788165278.7071562,74.8174339190009,647.874,2.7997998559976094,3.6148253286044443,-0.1001603292327136
3,X->Y,1788165278.785799,74.89607617299771,647.942,2.818719972030314,3.612993166773652,-0.09046486850410884
3,X->Y,1788165278.939121,75.04939910699613,648.078,2.856612256441404,3.609873050586801,-0.07143063259491768
3,X->Y,1788165279.496477,75.60675449500559,648.384,2.942039188139282,3.6053961197054694,-0.031615534493803464
3,X->Y,1788165279.5098383,75.62011525698472,648.452,2.9610428495688588,3.6048536955661215,-0.023364656390753226
3,X->Y,1788165279.5968075,75.70708485797513,648.554,2.9895572924550953,3.6043300737472954,-0.011422521297780684
3,X->Y,1788165279.89558,76.00585786497686,648.758,3.0466043967627368,3.6042789052351,0.011187202897777549
3,X->Y,1788165279.9787338,76.08901145099662,648.86,3.0751281756649718,3.604722473935766,0.02162149929620902
3,X->Y,1788165280.2713928,76.38167004100978,649.064,3.132159974429002,3.6064648323785953,0.040719973878464336
3,X->Y,1788165280.4235244,76.53380165202543,649.2,3.170164869513002,3.608202055175278,0.051868882606705295
3,X->Y,1788165280.7060573,76.81633497797884,649.37,3.217647911249068,3.6109348733541116,0.06399299002656571
3,X->Y,1788165280.781446,76.89172324701212,649.438,3.236634525700217,3.612182234380328,0.06826512808680067
3,X->Y,1788165280.8665662,76.97684399801074,649.54,3.2651071610893325,3.614196811867278,0.07391784840076654
3,X->Y,1788165281.2957492,77.4060266080196,649.812,3.340989101621792,3.6202808834674505,0.08602243986215281
3,X->Y,1788165281.3089526,77.41922988998704,649.88,3.359952190396845,3.621932515702312,0.08828258919024339
3,X->Y,1788165281.319787,77.43006426701322,649.948,3.378912534069449,3.6236249856707823,0.09022347019985015
3,X->Y,1788165281.6073854,77.71766296902206,650.152,3.435780682843175,3.628889790815806,0.09451853746467764
3,X->Y,1788165281.7587814,77.86905913002556,650.288,3.473686274500567,3.6325125059202734,0.09610373191878756
3,X->Y,1788165282.1858287,78.29610589402728,650.526,3.540019903464938,3.638939022377539,0.0967527755687146
3,X->Y,1788165282.1990712,78.30934824497672,650.594,3.5589745656874,3.6407766670164596,0.09651021230035117
3,X->Y,1788165282.4803827,78.59066042402992,650.764,3.6063657325637664,3.6453397980628335,0.0952482829199807
3,X->Y,1788165282.5739827,78.68426017602906,650.866,3.634804826849151,3.648041286226894,0.09401619815012074
3,X->Y,1788165282.6686664,78.77894361299695,650.968,3.66324853712117,3.6507047308320906,0.0925144263432109
3,X->Y,1788165282.8135428,78.92382077401271,651.07,3.691697162412077,3.6533223217600685,0.09071322174964373
3,X->Y,1788165282.9616761,79.07195315201534,651.172,3.720151359041732,3.655885433321665,0.08865991668014232
3,X->Y,1788165283.0372996,79.14757755101891,651.24,3.7391247368163767,3.6575605630601418,0.08715093917768826
3,X->Y,1788165283.189835,79.30011234601261,651.376,3.777080985487649,3.6608219459053544,0.08390799242558682
3,X->Y,1788165283.474839,79.58511680498486,651.546,3.824541387251839,3.664717907815236,0.07948823975848508
3,X->Y,1788165283.626311,79.73658849397907,651.682,3.86252327202326,3.6676794158943693,0.07571463716149403
3,X->Y,1788165283.7030442,79.81332218198804,651.75,3.881518745691222,3.6691055409656212,0.07374752629358583
3,X->Y,1788165284.1343474,80.2446257849806,652.022,3.957528006295655,3.674426249282063,0.06551016607351619
3,X->Y,1788165284.1478486,80.25812597200274,652.09,3.9765376134616335,3.67565763019777,0.06341099671845307
3,X->Y,1788165284.2238622,80.33413965499494,652.158,3.9955492120630822,3.6768494262674447,0.061375472670389786
3,X->Y,1788165284.5136578,80.62393523199717,652.362,4.052595757917322,3.680198154708907,0.055554184077248825
3,X->Y,1788165284.6653717,80.7756492869812,652.498,4.090637138621836,3.682252746342819,0.05206835297242567
3,X->Y,1788165284.809665,80.91994298098143,652.6,4.1191704868176435,3.6837115479298723,0.04984315358561926
3,X->Y,1788165284.8238928,80.93417025002418,652.668,4.138193103997157,3.684651028747108,0.04864971056622475
3,X->Y,1788165285.4529066,81.56318377202842,653.008,4.233298096669659,3.689153770422227,0.04760246360946703
3,X->Y,1788165285.4649417,81.57521881500725,653.076,4.252313496019215,3.6900673323026902,0.04886106751690229
3,X->Y,1788165285.4752803,81.5855575070018,653.144,4.271325549709804,3.691009998543942,0.050825993507205784
3,X->Y,1788165285.6222963,81.73257376498077,653.28,4.309329606012067,3.6930509556587583,0.05819381181162768
3,X->Y,1788165285.9201357,82.03041320602642,653.45,4.356773786176649,3.6961418769061947,0.07524257100247835
3,X->Y,1788165286.0718353,82.1821133440244,653.586,4.3946432013486385,3.699343785131596,0.09835444121392013
3,X->Y,1788165286.146543,82.25682056503138,653.654,4.413527325603738,3.701320110550363,0.1144448602489646
3,X->Y,1788165286.3062963,82.4165740259923,653.79,4.45113778579499,3.7063125288274263,0.15616155298441003
3,X->Y,1788165286.596813,82.70709067198914,653.96,4.497240791118039,3.7149277711861894,0.22148139470381412
3,X->Y,1788165286.6800702,82.79034786298871,654.062,4.522948204504594,3.7211982218979203,0.2631530229128479
3,X->Y,1788165287.040182,83.15045928303152,654.3,4.5779179218743105,3.738631272812709,0.35858348475743423
3,X->Y,1788165287.0528615,83.1631386980298,654.368,4.593074163225746,3.7444876461483134,0.38250691510641494
3,X->Y,1788165287.4011955,83.5114735160023,654.572,4.635735626541641,3.763312287129378,0.45870209080109786
3,X->Y,1788165287.476588,83.58686542400392,654.64,4.64949950623232,3.7703122432032092,0.48706151334506004
3,X->Y,1788165287.6986408,83.80891824600985,654.81,4.682905520563885,3.78928841800874,0.5466356746252136
3,X->Y,1788165287.711575,83.8218523900141,654.878,4.695927549592789,3.797400171468077,0.5666097718464095
3,X->Y,1788165287.8572202,83.96749764500419,654.98,4.715081077372702,3.810021713964487,0.6023868326363583
3,X->Y,1788165288.143643,84.25392054801341,655.15,4.746262308518041,3.832672052746818,0.6558685103021852
3,X->Y,1788165288.2252386,84.33551643701503,655.252,4.764332111167501,3.8471251061845213,0.6907441739190994
3,X->Y,1788165288.3754709,84.4857484769891,655.388,4.787559480487724,3.8670974841591343,0.7327386691396705
3,X->Y,1788165288.657274,84.76755162398331,655.558,4.816395535036859,3.894726707865922,0.7990104381129933
3,X->Y,1788165289.016354,85.12663146399427,655.796,4.854021545150641,3.9368476471775287,0.8836985256371224
3,X->Y,1788165289.0300355,85.14031296002213,655.864,4.864360824858491,3.9497078325109123,0.9059337213634633
3,X->Y,1788165289.1791117,85.28938913001912,656.0,4.8845122742220655,3.9765779108335866,0.9521429677952572
3,X->Y,1788165289.3934264,85.50370407901937,656.136,4.903867616932292,4.005059672869836,0.9995284298582402
3,X->Y,1788165289.819957,85.930234725005,656.408,4.940202179350625,4.069050558159573,1.1106777576282423
3,X->Y,1788165289.8333123,85.94358968001325,656.476,4.948563729098065,4.086247728038313,1.1304775899511819
3,X->Y,1788165289.8453283,85.9556052450207,656.544,4.9565012804225805,4.103456419902561,1.150772343075255
3,X->Y,1788165290.2018569,86.31213452498196,656.782,4.980582917129068,4.163590802759052,1.236210399437176
3,X->Y,1788165290.347314,86.45759169902885,656.884,4.988859500671607,4.188158420619865,1.2589791797031666
3,X->Y,1788165290.4920475,86.60232492099749,656.986,4.996382817050276,4.212380551276446,1.2859518645145207
3,X->Y,1788165290.980916,87.09119326097425,657.258,5.012020993226885,4.2729869890001,1.3451531494476294
3,X->Y,1788165290.9958096,87.10608681902522,657.326,5.015291273311186,4.287634932022975,1.3622629179388166
3,X->Y,1788165291.0076177,87.11789484298788,657.394,5.018210852384039,4.301811831347437,1.3780269589202196
3,X->Y,1788165291.149585,87.25986223301152,657.496,5.022144455715634,4.322761262674274,1.3947262883159426
3,X->Y,1788165291.7761,87.88637750199996,657.836,5.032901629138494,4.395069873057903,1.451287298780243
3,X->Y,1788165291.788498,87.89877531398088,657.904,5.034541946544573,4.4094677520226275,1.4667547882602858
3,X->Y,1788165291.799533,87.90980983199552,657.972,5.035904602810427,4.423026197897652,1.4766083092460194
3,X->Y,1788165291.941119,88.05139627697645,658.074,5.037743096300545,4.443405357283862,1.489219740075936
3,X->Y,1788165292.9848323,89.09510961500928,658.618,5.042297952594545,4.538786063544809,1.55725978731947
3,X->Y,1788165292.9989858,89.1092633450171,658.686,5.042433948986475,4.549410796157966,1.5638859900485977
3,X->Y,1788165293.0106096,89.12088700197637,658.754,5.04246580219702,4.559990874847994,1.5708489964014232
3,X->Y,1788165293.0215867,89.13186375901569,658.822,5.042450174745484,4.570110185947156,1.578137574405441
3,X->Y,1788165293.0341718,89.14444879401708,658.924,5.042277734811608,4.584902038841517,1.5896609513368272
3,X->Y,1788165293.6004193,89.71069718903163,659.298,5.040160225010827,4.636554861104626,1.6360354942392117
3,X->Y,1788165293.6837802,89.7940578419948,659.4,5.03930771361153,4.648999722207997,1.6466326748934614
3,X->Y,1788165293.9673543,90.07763195299776,659.57,5.037687363982037,4.6682377545918,1.6617332531964375
3,X->Y,1788165294.0530918,90.16336931200931,659.672,5.036621047190603,4.679619428596137,1.6703544354634439
3,X->Y,1788165294.1971977,90.30747529800283,659.774,5.03548223988355,4.690493987686332,1.679632301115281
3,X->Y,1788165294.3425126,90.45279036398279,659.876,5.034363976422569,4.700563012887275,1.6837178080130055
3,X->Y,1788165294.9049692,91.015246674011,660.182,5.030901741086639,4.728915505000756,1.7025609986379249
3,X->Y,1788165295.1399775,91.25025516998721,660.42,5.028172604035098,4.74896628498004,1.7142127436588388
3,X->Y,1788165295.366929,91.47720664198278,660.624,5.025877990082423,4.764289121042182,1.726310442573586
3,X->Y,1788165295.5241032,91.6343808840029,660.794,5.023906396505217,4.776846708479796,1.733097969927358
3,X->Y,1788165295.8055384,91.91581592598232,660.964,5.022053442818797,4.787814677924232,1.740340317982284
3,X->Y,1788165296.3118205,92.42209778499091,661.304,5.017978364023982,4.81064660408319,1.7574479500048878
3,X->Y,1788165297.3724575,93.48273462802172,661.916,5.010212605418296,4.849297825720539,1.7869370031025609
3,X->Y,1788165297.4021878,93.51246473798528,662.086,5.00775422488999,4.860352356348281,1.7934541775627075
