scenario_id,run,run_path,run_class,git_commit,nav2_status,succeeded,wrapper_trial_exit,wall_duration_s,simulation_duration_s,trajectory_length_m,final_xy_error_m,dynamic_min_clearance_m,script_to_gazebo_error_m,dynamic_service_failures,gazebo_non_ground_contact,gazebo_robot_dynamic_contact,gazebo_contact_pairs,gazebo_robot_dynamic_contact_pairs,dynamic_plot,evidence_complete,failure_reason
S1_crossing,formal_01,experiments/oracle_mppi/gate2/S1_crossing/formal_01,formal,079b0e9626f41d969f7e1508aa0f3df8d541693a,4,True,0,212.10331801100256,163.3,18.595594211681206,0.03568683722421013,1.7561234222864135,0.015000000000000568,0,False,False,(none),(none),experiments/oracle_mppi/gate2/S1_crossing/formal_01/dynamic_trajectory_comparison.png,True,
S1_crossing,formal_02,experiments/oracle_mppi/gate2/S1_crossing/formal_02,formal,079b0e9626f41d969f7e1508aa0f3df8d541693a,4,True,0,204.84104391399887,158.7,18.230281138262683,0.03131757889504609,0.27847159319505765,0.015000000000000568,0,False,False,(none),(none),experiments/oracle_mppi/gate2/S1_crossing/formal_02/dynamic_trajectory_comparison.png,True,
S1_crossing,formal_03,experiments/oracle_mppi/gate2/S1_crossing/formal_03,formal,079b0e9626f41d969f7e1508aa0f3df8d541693a,4,True,0,211.70820486899902,164.5,18.313424300397596,0.03415516696131935,1.5231441724469712,0.015000000000000568,0,False,False,(none),(none),experiments/oracle_mppi/gate2/S1_crossing/formal_03/dynamic_trajectory_comparison.png,True,
S1_crossing,postfix2_01,experiments/oracle_mppi/gate2/S1_crossing/postfix2_01,postfix2,bfab28f87d6f66339175c7116159a7b8d2fc1bc3,4,True,0,223.92530345798878,174.0,18.310966772549587,0.026521555790973858,1.6723074837695058,0.015000000000000568,0,False,False,(none),(none),experiments/oracle_mppi/gate2/S1_crossing/postfix2_01/dynamic_trajectory_comparison.png,True,
S1_crossing,recheck_01,experiments/oracle_mppi/gate2/S1_crossing/recheck_01,recheck,f01235e5dd73e9f8a0fe926af762ff5f4d441d87,4,True,0,208.00163314500242,161.7,18.6265564598635,0.05432305607481986,0.7727163664647262,0.015000000000000568,0,False,False,(none),(none),experiments/oracle_mppi/gate2/S1_crossing/recheck_01/dynamic_trajectory_comparison.png,True,
S1_crossing,smoke_01,experiments/oracle_mppi/gate2/S1_crossing/smoke_01,smoke,770bbd25cbfbfdd12bc18caede4ed2419111817b,4,True,0,203.25279160899663,158.20000000000002,17.759142472480175,0.025261261634556612,,,,False,False,(none),(none),,False,incomplete run: dynamic evidence missing
S1_crossing,smoke_02,experiments/oracle_mppi/gate2/S1_crossing/smoke_02,smoke,770bbd25cbfbfdd12bc18caede4ed2419111817b,,,,,,,,,,,,,(none),(none),,False,incomplete run: metrics.yaml missing
S1_crossing,smoke_03,experiments/oracle_mppi/gate2/S1_crossing/smoke_03,smoke,770bbd25cbfbfdd12bc18caede4ed2419111817b,4,True,0,230.78440485399915,178.5,17.73265138054346,0.09550196227106872,1.0624423421863292,0.020624999999999893,0,False,False,(none),(none),experiments/oracle_mppi/gate2/S1_crossing/smoke_03/dynamic_trajectory_comparison.png,True,
S1_crossing,smoke_04,experiments/oracle_mppi/gate2/S1_crossing/smoke_04,smoke,770bbd25cbfbfdd12bc18caede4ed2419111817b,6,False,5,199.3665777080023,157.2,5.941973742045849,16.842879628043246,0.0,0.016666666666666607,0,True,True,"collision1: ""waffle::base_link::base_collision"" collision2: ""crate_west_north::link::collision"";collision1: ""waffle::base_link::base_collision"" collision2: ""oracle_dynamic_obstacle::link::collision"";collision1: ""waffle::wheel_right_link::wheel_right_collision"" collision2: ""oracle_dynamic_obstacle::link::collision","collision1: ""waffle::base_link::base_collision"" collision2: ""crate_west_north::link::collision"";collision1: ""waffle::base_link::base_collision"" collision2: ""oracle_dynamic_obstacle::link::collision"";collision1: ""waffle::wheel_right_link::wheel_right_collision"" collision2: ""oracle_dynamic_obstacle::link::collision",experiments/oracle_mppi/gate2/S1_crossing/smoke_04/dynamic_trajectory_comparison.png,True,robot-dynamic physical collision
S1_crossing,smoke_05,experiments/oracle_mppi/gate2/S1_crossing/smoke_05,smoke,770bbd25cbfbfdd12bc18caede4ed2419111817b,4,True,0,241.7818138970033,186.60000000000002,20.66134683727604,0.10418399585000787,0.03394539975967912,0.015000000000000568,0,False,False,(none),(none),experiments/oracle_mppi/gate2/S1_crossing/smoke_05/dynamic_trajectory_comparison.png,True,
S2_oncoming,formal_01,experiments/oracle_mppi/gate2/S2_oncoming/formal_01,formal,079b0e9626f41d969f7e1508aa0f3df8d541693a,4,True,0,207.69516063600895,159.6,18.177030026531288,0.052394945365199896,0.5272446685571369,0.021428571428571352,0,False,False,(none),(none),experiments/oracle_mppi/gate2/S2_oncoming/formal_01/dynamic_trajectory_comparison.png,True,
S2_oncoming,formal_02,experiments/oracle_mppi/gate2/S2_oncoming/formal_02,formal,079b0e9626f41d969f7e1508aa0f3df8d541693a,6,False,5,372.76958173999446,291.0,33.62091452180977,0.2523317651491735,0.0,0.021428571428571352,0,True,True,"collision1: ""waffle::base_link::base_collision"" collision2: ""oracle_dynamic_obstacle::link::collision"";collision1: ""waffle::wheel_left_link::wheel_left_collision"" collision2: ""oracle_dynamic_obstacle::link::collision"";collision1: ""waffle::wheel_right_link::wheel_right_collision"" collision2: ""oracle_dynamic_obstacle::link::collision""","collision1: ""waffle::base_link::base_collision"" collision2: ""oracle_dynamic_obstacle::link::collision"";collision1: ""waffle::wheel_left_link::wheel_left_collision"" collision2: ""oracle_dynamic_obstacle::link::collision"";collision1: ""waffle::wheel_right_link::wheel_right_collision"" collision2: ""oracle_dynamic_obstacle::link::collision""",experiments/oracle_mppi/gate2/S2_oncoming/formal_02/dynamic_trajectory_comparison.png,True,robot-dynamic physical collision
S2_oncoming,formal_03,experiments/oracle_mppi/gate2/S2_oncoming/formal_03,formal,079b0e9626f41d969f7e1508aa0f3df8d541693a,6,False,5,203.59269389499968,182.0,26.41997186931972,17.937483913004787,0.0,0.021428571428571352,0,True,True,"collision1: ""waffle::base_link::base_collision"" collision2: ""oracle_dynamic_obstacle::link::collision"";collision1: ""waffle::wheel_left_link::wheel_left_collision"" collision2: ""oracle_dynamic_obstacle::link::collision""","collision1: ""waffle::base_link::base_collision"" collision2: ""oracle_dynamic_obstacle::link::collision"";collision1: ""waffle::wheel_left_link::wheel_left_collision"" collision2: ""oracle_dynamic_obstacle::link::collision""",experiments/oracle_mppi/gate2/S2_oncoming/formal_03/dynamic_trajectory_comparison.png,True,robot-dynamic physical collision
S2_oncoming,postfix2_01,experiments/oracle_mppi/gate2/S2_oncoming/postfix2_01,postfix2,bfab28f87d6f66339175c7116159a7b8d2fc1bc3,4,True,0,283.17933648999315,217.89999999999998,25.452303640466013,0.05823551786172843,0.0,0.021428571428571352,0,True,True,"collision1: ""waffle::base_link::base_collision"" collision2: ""oracle_dynamic_obstacle::link::collision""","collision1: ""waffle::base_link::base_collision"" collision2: ""oracle_dynamic_obstacle::link::collision""",experiments/oracle_mppi/gate2/S2_oncoming/postfix2_01/dynamic_trajectory_comparison.png,True,robot-dynamic physical collision
S2_oncoming,recheck_01,experiments/oracle_mppi/gate2/S2_oncoming/recheck_01,recheck,f01235e5dd73e9f8a0fe926af762ff5f4d441d87,4,True,0,393.712622852996,306.1,38.69645143805442,0.04685163884478848,0.0,0.021428571428571352,0,True,True,"collision1: ""waffle::base_link::base_collision"" collision2: ""barrier_west::link::collision"";collision1: ""waffle::base_link::base_collision"" collision2: ""oracle_dynamic_obstacle::link::collision"";collision1: ""waffle::wheel_left_link::wheel_left_collision"" collision2: ""oracle_dynamic_obstacle::link::collision"";collision1: ""waffle::wheel_right_link::wheel_right_collision"" collision2: ""oracle_dynamic_obstacle::link::collision""","collision1: ""waffle::base_link::base_collision"" collision2: ""oracle_dynamic_obstacle::link::collision"";collision1: ""waffle::wheel_left_link::wheel_left_collision"" collision2: ""oracle_dynamic_obstacle::link::collision"";collision1: ""waffle::wheel_right_link::wheel_right_collision"" collision2: ""oracle_dynamic_obstacle::link::collision""",experiments/oracle_mppi/gate2/S2_oncoming/recheck_01/dynamic_trajectory_comparison.png,True,robot-dynamic physical collision
S2_oncoming,smoke_01,experiments/oracle_mppi/gate2/S2_oncoming/smoke_01,smoke,770bbd25cbfbfdd12bc18caede4ed2419111817b,6,False,5,157.47392089200002,125.8,10.976028030987576,9.948533523138702,0.0,0.021428571428571352,0,True,True,"collision1: ""waffle::base_link::base_collision"" collision2: ""oracle_dynamic_obstacle::link::collision","collision1: ""waffle::base_link::base_collision"" collision2: ""oracle_dynamic_obstacle::link::collision",experiments/oracle_mppi/gate2/S2_oncoming/smoke_01/dynamic_trajectory_comparison.png,True,robot-dynamic physical collision
S3_diagonal,formal_01,experiments/oracle_mppi/gate2/S3_diagonal/formal_01,formal,079b0e9626f41d969f7e1508aa0f3df8d541693a,4,True,0,207.56403615200543,161.7,18.428778768886893,0.049484540097338256,1.1250735881314295,0.008500919067959365,0,False,False,(none),(none),experiments/oracle_mppi/gate2/S3_diagonal/formal_01/dynamic_trajectory_comparison.png,True,
S3_diagonal,formal_02,experiments/oracle_mppi/gate2/S3_diagonal/formal_02,formal,079b0e9626f41d969f7e1508aa0f3df8d541693a,4,True,0,201.59246328398876,160.9,17.712033323336495,0.027974639917602087,1.4335030397537698,0.008500919067959365,0,False,False,(none),(none),experiments/oracle_mppi/gate2/S3_diagonal/formal_02/dynamic_trajectory_comparison.png,True,
S3_diagonal,formal_03,experiments/oracle_mppi/gate2/S3_diagonal/formal_03,formal,079b0e9626f41d969f7e1508aa0f3df8d541693a,4,True,0,200.08285020499898,158.70000000000002,17.891754725789035,0.028983502259479543,1.3900539863252535,0.008500919067959365,0,False,False,(none),(none),experiments/oracle_mppi/gate2/S3_diagonal/formal_03/dynamic_trajectory_comparison.png,True,
S3_diagonal,medium_01,experiments/oracle_mppi/gate2/S3_diagonal/medium_01,medium,770bbd25cbfbfdd12bc18caede4ed2419111817b,4,True,0,201.7850441959963,159.9,18.37875121926796,0.03126043342005604,1.2714277842737927,0.008500919067959365,0,False,False,(none),(none),experiments/oracle_mppi/gate2/S3_diagonal/medium_01/dynamic_trajectory_comparison.png,True,
S3_diagonal,postfix2_01,experiments/oracle_mppi/gate2/S3_diagonal/postfix2_01,postfix2,bfab28f87d6f66339175c7116159a7b8d2fc1bc3,4,True,0,229.11699361700448,179.89999999999998,24.396408386172055,0.4531884570917547,0.5974627805624368,0.008500919067959365,0,False,False,(none),(none),experiments/oracle_mppi/gate2/S3_diagonal/postfix2_01/dynamic_trajectory_comparison.png,True,
S3_diagonal,recheck_01,experiments/oracle_mppi/gate2/S3_diagonal/recheck_01,recheck,f01235e5dd73e9f8a0fe926af762ff5f4d441d87,,,,,,,,,,,,,(none),(none),,False,dynamic obstacle spawn failure
S3_diagonal,recheck_02,experiments/oracle_mppi/gate2/S3_diagonal/recheck_02,recheck,bfab28f87d6f66339175c7116159a7b8d2fc1bc3,4,True,0,203.78840458199556,160.5,18.275509045898055,0.03890308326420997,1.25239840046689,0.008500919067959365,0,False,False,(none),(none),experiments/oracle_mppi/gate2/S3_diagonal/recheck_02/dynamic_trajectory_comparison.png,True,
S3_diagonal,smoke_01,experiments/oracle_mppi/gate2/S3_diagonal/smoke_01,smoke,770bbd25cbfbfdd12bc18caede4ed2419111817b,4,True,0,168.77577334800299,159.0,18.410322613568034,0.029936997337562873,0.38160344565813353,0.03201562118716419,0,False,True,(none),"collision1: ""oracle_dynamic_obstacle::link::collision"" collision2: ""barrier_center::link::collision",experiments/oracle_mppi/gate2/S3_diagonal/smoke_01/dynamic_trajectory_comparison.png,True,robot-dynamic physical collision
S3_diagonal,smoke_02,experiments/oracle_mppi/gate2/S3_diagonal/smoke_02,smoke,770bbd25cbfbfdd12bc18caede4ed2419111817b,4,True,0,188.6694180400009,149.7,21.2290504947169,0.05998168296090344,2.222450670403441,0.01818274580193954,0,False,False,(none),(none),experiments/oracle_mppi/gate2/S3_diagonal/smoke_02/dynamic_trajectory_comparison.png,True,
S4_stop_go,formal_01,experiments/oracle_mppi/gate2/S4_stop_go/formal_01,formal,079b0e9626f41d969f7e1508aa0f3df8d541693a,4,True,0,212.46578573199804,163.8,18.384959816477945,0.06348502551501167,0.7993988858061487,0.017000000000000237,0,False,False,(none),(none),experiments/oracle_mppi/gate2/S4_stop_go/formal_01/dynamic_trajectory_comparison.png,True,
S4_stop_go,formal_02,experiments/oracle_mppi/gate2/S4_stop_go/formal_02,formal,079b0e9626f41d969f7e1508aa0f3df8d541693a,4,True,0,436.2915267369972,338.0,24.543915080199348,0.023541149282657364,0.0,0.017000000000000237,0,True,True,"collision1: ""waffle::base_link::base_collision"" collision2: ""crate_west_north::link::collision"";collision1: ""waffle::base_link::base_collision"" collision2: ""oracle_dynamic_obstacle::link::collision"";collision1: ""waffle::wheel_right_link::wheel_right_collision"" collision2: ""oracle_dynamic_obstacle::link::collision""","collision1: ""waffle::base_link::base_collision"" collision2: ""oracle_dynamic_obstacle::link::collision"";collision1: ""waffle::wheel_right_link::wheel_right_collision"" collision2: ""oracle_dynamic_obstacle::link::collision""",experiments/oracle_mppi/gate2/S4_stop_go/formal_02/dynamic_trajectory_comparison.png,True,robot-dynamic physical collision
S4_stop_go,formal_03,experiments/oracle_mppi/gate2/S4_stop_go/formal_03,formal,079b0e9626f41d969f7e1508aa0f3df8d541693a,,,,,,,,,,,,,(none),(none),,False,Nav2 startup/lifecycle readiness failure
S4_stop_go,formal_04,experiments/oracle_mppi/gate2/S4_stop_go/formal_04,formal,079b0e9626f41d969f7e1508aa0f3df8d541693a,4,True,0,215.79297501800465,167.5,18.326753007778372,0.03946628416589054,0.5759072108178707,0.017000000000000237,0,False,False,(none),(none),experiments/oracle_mppi/gate2/S4_stop_go/formal_04/dynamic_trajectory_comparison.png,True,
S4_stop_go,formal_05,experiments/oracle_mppi/gate2/S4_stop_go/formal_05,formal,f01235e5dd73e9f8a0fe926af762ff5f4d441d87,4,True,0,205.2433387679921,158.9,17.602178122164773,0.02849787446968606,0.3917495673000947,0.017000000000000237,0,False,False,(none),(none),experiments/oracle_mppi/gate2/S4_stop_go/formal_05/dynamic_trajectory_comparison.png,True,
S4_stop_go,postfix2_01,experiments/oracle_mppi/gate2/S4_stop_go/postfix2_01,postfix2,bfab28f87d6f66339175c7116159a7b8d2fc1bc3,4,True,0,191.77649509700132,180.9,26.576909518028174,0.3052470080706284,0.0,0.017000000000000237,0,True,True,"collision1: ""waffle::base_link::base_collision"" collision2: ""oracle_dynamic_obstacle::link::collision"";collision1: ""waffle::wheel_right_link::wheel_right_collision"" collision2: ""oracle_dynamic_obstacle::link::collision""","collision1: ""waffle::base_link::base_collision"" collision2: ""oracle_dynamic_obstacle::link::collision"";collision1: ""waffle::wheel_right_link::wheel_right_collision"" collision2: ""oracle_dynamic_obstacle::link::collision""",experiments/oracle_mppi/gate2/S4_stop_go/postfix2_01/dynamic_trajectory_comparison.png,True,robot-dynamic physical collision
S4_stop_go,recheck_01,experiments/oracle_mppi/gate2/S4_stop_go/recheck_01,recheck,f01235e5dd73e9f8a0fe926af762ff5f4d441d87,4,True,0,251.56138023200037,169.8,18.42360938837127,0.03166449037286344,0.8861661065441166,0.017000000000000237,0,False,False,(none),(none),experiments/oracle_mppi/gate2/S4_stop_go/recheck_01/dynamic_trajectory_comparison.png,True,
S4_stop_go,smoke_01,experiments/oracle_mppi/gate2/S4_stop_go/smoke_01,smoke,770bbd25cbfbfdd12bc18caede4ed2419111817b,4,True,0,207.48394548500073,162.4,18.316364639902602,0.03372287282139753,0.6352588089149946,0.017000000000000237,0,False,False,(none),(none),experiments/oracle_mppi/gate2/S4_stop_go/smoke_01/dynamic_trajectory_comparison.png,True,
