wall_time,wall_elapsed_s,sim_time,x,y,yaw
1787920186.7254095,0.3611158670100849,60.248,-8.498146012442685,1.1738841255652442e-06,0.0017091290570132808
1787920189.006814,2.642520538007375,62.016,-8.466655370380314,0.0001386916676162477,0.008466962480412446
1787920189.020193,2.655898851007805,62.084,-8.455358298062322,0.00024821044395240843,0.011921905133238314
1787920189.0305965,2.6663022070133593,62.152,-8.44283973762829,0.0004141581782475956,0.015618651006964596
1787920189.0402033,2.6759091390122194,62.22,-8.429350636963575,0.0006439118007008557,0.01946369306461455
1787920189.0490813,2.684787286008941,62.288,-8.41548442881162,0.0009335058056162525,0.023312023572286785
1787920189.8145514,3.4502575990045443,62.696,-8.322404902617986,0.004394163310564563,0.055000350467791455
1787920189.8280249,3.4637308880046476,62.764,-8.305848400646918,0.005350721070838584,0.062239969381042176
1787920189.8397646,3.4754706020030426,62.832,-8.289069095159803,0.006443289915587313,0.06969356617096135
1787920189.850264,3.485969533008756,62.9,-8.272176129211578,0.0076703996553951406,0.07720690194118572
1787920190.132611,3.768317351001315,63.07,-8.229730875071624,0.011320295247256805,0.09620943214000051
1787920190.276703,3.912409242009744,63.172,-8.204168038426312,0.013910527875347453,0.10761376026292802
1787920190.351993,3.987699675009935,63.24,-8.187077166957815,0.015806090118169958,0.11508211605591633
1787920190.507249,4.142955423012609,63.376,-8.15285213550814,0.019987563445492827,0.12975233508936299
1787920190.793161,4.4288673540140735,63.546,-8.10976563398761,0.025997517845638293,0.14921330585052808
1787920190.8063252,4.442031279002549,63.614,-8.092366597201108,0.0286649693018153,0.15669608721320008
1787920190.817656,4.453363294000155,63.682,-8.074958383361878,0.031464683893190785,0.1637984447268906
1787920191.0299554,4.665661397011718,63.818,-8.040257354685533,0.03741673660463108,0.17773378316444705
1787920191.0427709,4.678477039007703,63.886,-8.022931694423624,0.04058094503868303,0.18521720127974364
1787920191.3947496,5.0304561120137805,64.09,-7.970982618215946,0.050906478057503986,0.20991429925968372
1787920191.8218782,5.457584724004846,64.328,-7.910755951202399,0.06467975082355339,0.24198691764178162
1787920191.8353148,5.471021038014442,64.396,-7.893631414457315,0.06897053200373633,0.25081137873077797
1787920191.848038,5.483743745004176,64.464,-7.876542345774276,0.07340876236509132,0.25905277088983836
1787920192.2761593,5.911865495014354,64.736,-7.826078129431445,0.08738482480558558,0.28081585586061875
1787920192.2890155,5.924721779010724,64.804,-7.813502565199346,0.09103766345317796,0.28548279312021946
1787920192.3009927,5.9366987950052135,64.872,-7.801004148440735,0.0947305524539278,0.28997347381491073
1787920192.5781145,6.213820205011871,65.042,-7.770491291192937,0.10400075275662701,0.30077419265559513
1787920193.076538,6.712244855007157,65.348,-7.718384637638074,0.1206880680225156,0.32033199513971977
1787920193.0895746,6.725280802013003,65.416,-7.707522544439722,0.12431369782882498,0.32483248039930496
1787920193.101482,6.737187976003042,65.484,-7.696796116502782,0.12794770295479815,0.32934841480562077
1787920194.5762677,8.211974176010699,66.232,-7.5907708076321345,0.1670733300016504,0.38252768405699095
1787920194.595836,8.231541889006621,66.334,-7.578403781272291,0.1721091100802084,0.3921148313978585
1787920194.6120846,8.247790447014268,66.436,-7.566298372721008,0.177178059857989,0.4020924249961013
1787920194.625731,8.261436547007179,66.538,-7.554676750427525,0.18218095340505946,0.41210760757490167
1787920194.6368492,8.272554795010365,66.64,-7.543503296650929,0.18712328384155355,0.4219012701205496
1787920194.6469648,8.28267008801049,66.742,-7.532706781763592,0.1920241980944806,0.43124549063094975
1787920194.6554208,8.291126091004116,66.844,-7.522158702292495,0.1969284267593577,0.4401020368326551
1787920195.5612094,9.19691543301451,67.354,-7.474510313415143,0.22047195732942862,0.47806542432048776
1787920195.7142007,9.34990702100913,67.49,-7.4634484779541195,0.2262626701709606,0.48710930436180394
1787920196.496727,10.132433424005285,67.966,-7.429254275985241,0.24499848899386784,0.516144817877931
1787920196.5275116,10.16321804501058,68.136,-7.418701694892724,0.25104922141141406,0.525682903139619
1787920196.83497,10.470676527009346,68.374,-7.405180424454401,0.25901111863533444,0.5397881077136053
1787920197.126977,10.762684114000876,68.544,-7.396439821935479,0.2643109245023466,0.551353373427993
1787920197.2763119,10.912017941009253,68.68,-7.377923865708357,0.27579960675115744,0.5615304645618923
1787920197.644707,11.280413453001529,68.952,-7.362479785683036,0.28576178530212876,0.5880766009230387
1787920198.436675,12.072381312013022,69.462,-7.341293304778051,0.3007263889438606,0.6451090282458588
1787920198.968711,12.604418135000742,69.972,-7.32654503934658,0.31244325672726675,0.7023078956848551
1787920199.6942904,13.329996517000836,70.482,-7.3165988130279205,0.32131466758481686,0.7601730458627503
1787920200.5112314,14.146939472004306,71.162,-7.307886684188575,0.33022964981494446,0.841259039798692
1787920201.757382,15.393088203010848,72.148,-7.29947820991547,0.3407297092840145,0.961449890628401
1787920202.4417582,16.077464495014283,72.76,-7.293705957620797,0.34986717377486637,1.0541910734724196
1787920203.5067978,17.142504462011857,73.406,-7.2843928652755245,0.3691091747770258,1.180134592572027
1787920203.5426981,17.1784042520012,73.61,-7.27992711121596,0.3805107279873968,1.216975614749641
1787920203.5643346,17.200040519004688,73.746,-7.276446179062297,0.39021431574148613,1.2390470935395435
1787920204.4051552,18.040862190013286,74.222,-7.263685844474284,0.4314607128298576,1.2950142502658406
1787920204.42593,18.061636242011446,74.324,-7.260642767719449,0.4423041495204623,1.2997733409973742
1787920204.9957778,18.631484166005976,74.698,-7.248018766775339,0.4876132181793676,1.2928309134138152
1787920205.01491,18.650615904000006,74.8,-7.244227724893372,0.5007697664288695,1.2861814236747264
1787920205.3804371,19.016144192006323,75.072,-7.235047447000071,0.5311645382280051,1.2661949851467331
1787920205.5957186,19.231424749013968,75.208,-7.230831921038076,0.5443731951142615,1.255746651880402
1787920205.8911185,19.526825041000848,75.446,-7.2237272918959725,0.5655824684446933,1.237339187759559
1787920205.9146998,19.550405782007147,75.582,-7.219603513781127,0.5773147099469756,1.226306686675068
1787920206.337882,19.973588382010348,75.82,-7.212048963862046,0.5977704132240341,1.205632717470493
1787920206.6345432,20.27024957300455,76.058,-7.203806130827522,0.6186995323044171,1.1835107435163394
1787920206.9930365,20.62874276500952,76.296,-7.194900809154543,0.6399043936144426,1.160930303619648
1787920207.227822,20.863528064001002,76.534,-7.185394932153333,0.6611823900546273,1.1385727658508438
1787920207.3794713,21.015177779001533,76.67,-7.179692239937689,0.6733726544766783,1.125983151339835
1787920207.4611604,21.09686655200494,76.772,-7.175275350203822,0.6825489629826778,1.1166173233368353
1787920207.6053884,21.2410945710144,76.874,-7.170746070132827,0.6917386465267796,1.1073030083930928
1787920207.8955903,21.531297027002438,77.044,-7.162959742321061,0.7070545698942118,1.0918911052341445
1787920207.9818156,21.617521995009156,77.146,-7.158157955235553,0.7162190055036574,1.082695031478412
1787920208.1332772,21.768984155001817,77.282,-7.151574755563079,0.7284622265407475,1.0704960633692555
1787920208.28097,21.916676225009724,77.384,-7.146462178192368,0.7377318216387668,1.0614030176652336
1787920208.4270458,22.06275286601158,77.486,-7.141204686184873,0.7470632609957307,1.0523546251866691
1787920208.5103009,22.146006881012,77.588,-7.135825607624057,0.7564115522417236,1.0433499010358032
1787920208.869018,22.504724321013782,77.792,-7.12470090987576,0.7751560192844417,1.0254550827533184
1787920208.8885076,22.52421357500134,77.894,-7.118986045862473,0.7844974632463075,1.0165580740448763
1787920209.0327222,22.668428354008938,77.996,-7.113172754808525,0.7938129579771974,1.0076929541133572
1787920209.389146,23.02485232600884,78.2,-7.101324241329831,0.8122517962293412,0.9900205888415471
1787920209.6836803,23.31938684200577,78.438,-7.090371902574445,0.8286581235447044,0.9729605920455341
1787920210.0704575,23.7061638640007,78.744,-7.084525314693177,0.8369229048122465,0.9127379329753056
1787920210.5887744,24.224480823002523,79.152,-7.076179802128574,0.846398842751338,0.7975833550618832
1787920210.9528687,24.588574801004143,79.424,-7.06537924365926,0.8566700059254898,0.7124721146176624
1787920211.2522385,24.887944881003932,79.696,-7.05701972913231,0.863197772157881,0.6091844378388741
1787920211.4806077,25.116314053011592,79.9,-7.044522361963638,0.8711532199587169,0.5282004142891871
1787920212.2522762,25.887982429005206,80.308,-7.005939576416683,0.8898038155036812,0.37753148277372456
1787920212.272096,25.907802018002258,80.41,-6.994631963699318,0.8940814305058211,0.34213199460760857
1787920212.287884,25.92358971601061,80.512,-6.982660111642615,0.8981407721822701,0.3077226370946769
1787920213.689748,27.325454693011125,81.294,-6.872948512260111,0.9180395613672693,0.061424301293070686
1787920213.7038617,27.33956788800424,81.362,-6.8579292213084235,0.9188866178336732,0.0486861116084586
1787920213.7159624,27.351668597009848,81.43,-6.8415059078658915,0.9196274636815864,0.03967564409428988
1787920213.7266824,27.36238829800277,81.498,-6.824532140087075,0.9202474967531667,0.031913173867388255
1787920213.7362435,27.37195004300156,81.566,-6.806905802844702,0.9207707640978725,0.026059449357969295
1787920213.745426,27.381131581001682,81.634,-6.789211400633435,0.9211974922507083,0.02106611447291745
1787920213.7531667,27.388872213006834,81.702,-6.7715193246587715,0.9215436879031761,0.01729126049326895
1787920213.7607079,27.396413228008896,81.77,-6.753829907606457,0.9218303937401411,0.014607937612341604
1787920213.902116,27.537822659011,81.872,-6.727299334436853,0.9221866222513625,0.011949414396907965
1787920214.254296,27.890002971005742,82.076,-6.674246184129519,0.9227478891884225,0.00948264156071001
1787920214.3988693,28.03457573700871,82.178,-6.647721920041127,0.9229927022630521,0.008914644282722288
1787920214.685108,28.320814098013216,82.348,-6.603515511974211,0.9233734581671452,0.008318921955915654
1787920214.905277,28.540983239014167,82.518,-6.559309360569615,0.9237317846278581,0.00784407518561197
1787920214.9186502,28.554356066000764,82.586,-6.541626751624105,0.92386891241491,0.007615253180142545
1787920215.337404,28.973109804006526,82.824,-6.4797345505800195,0.9243022814874257,0.006031689945175436
1787920215.3490567,28.984762895008316,82.892,-6.462050038391664,0.9244040290646747,0.005294868909925948
1787920215.3582075,28.993913300000713,82.96,-6.444365100143709,0.924491949341497,0.004436941691761221
1787920215.9980423,29.633748671010835,83.334,-6.347088901192103,0.9246277671981917,-0.0024564771804749747
1787920216.0111945,29.646900124003878,83.402,-6.3294014737343085,0.9245742560653287,-0.0039882195636768
1787920216.0231347,29.65884045700659,83.47,-6.31171381427763,0.924493384269235,-0.005570067832228876
1787920216.2340984,29.86980477400357,83.606,-6.276338537355195,0.924245926777344,-0.00883591673799065
1787920216.2478852,29.883591098012403,83.674,-6.258651182030685,0.9240785045447697,-0.010509748057566956
1787920217.0222535,30.65796086800401,84.082,-6.1525357673064995,0.9224492791206561,-0.02052348632323639
1787920217.0352287,30.670935147005366,84.15,-6.1348520404034685,0.9220757132411238,-0.02209621956389505
1787920217.0461476,30.68185340000491,84.218,-6.117168936758564,0.9216745031334724,-0.023641005111947687
1787920217.0558443,30.691550197007018,84.286,-6.0994865837284,0.9212463629759798,-0.025139262461236326
1787920217.129334,30.765040339014377,84.354,-6.0818051240997395,0.920792306454549,-0.026593472615130412
1787920217.6281476,31.263854276010534,84.66,-6.0022487092231795,0.918449186727878,-0.032387526187215306
1787920217.915714,31.551420337011223,84.864,-5.949221690325713,0.9166514050323238,-0.035530567641104474
1787920217.9981406,31.633847048011376,84.966,-5.922711078564586,0.91569433824599,-0.036846755439342765
1787920218.2183175,31.854023892999976,85.136,-5.8785301378186015,0.9140276092496653,-0.03868243443419143
1787920218.370132,32.0058389580081,85.272,-5.84318827157061,0.912640925564387,-0.03984154977854741
1787920218.5170822,32.15278875900549,85.374,-5.816683500616517,0.9115762710245213,-0.04055105753311062
1787920218.6043577,32.24006423501123,85.442,-5.799014397399206,0.9108562948706314,-0.04096816326094413
1787920219.1729946,32.80870074300037,85.782,-5.710675730114748,0.9071719160367383,-0.04223038758442417
1787920219.1860983,32.82180456000788,85.85,-5.6930088270191765,0.9064247088857863,-0.04232696615088593
1787920219.1974394,32.833145458003855,85.918,-5.675342075705332,0.9056758652072104,-0.04237567910688763
1787920219.207726,32.843431731002056,85.986,-5.657675471815234,0.9049265121525202,-0.04236839004570228
1787920219.555234,33.19094088100246,86.19,-5.604676130170858,0.9026832877991683,-0.0421562914176466
1787920219.8417323,33.47743863600772,86.36,-5.560511076645204,0.9008276807740275,-0.04171989336216778
1787920219.9259477,33.56165373600379,86.462,-5.534011898897982,0.8997249726807217,-0.04136597948197956
1787920220.0772533,33.71295963000739,86.598,-5.498679090951582,0.8982711077118276,-0.04078000457822142
1787920220.2896914,33.92539824300911,86.734,-5.463345836204543,0.8968397071737505,-0.040078911292316305
1787920220.4404907,34.0761968880106,86.87,-5.428011412753133,0.8954342247541337,-0.0392986756702878
1787920220.728079,34.36378549100482,87.04,-5.383842493480735,0.8937181399311267,-0.038236740386116
1787920220.8097723,34.445478496010765,87.142,-5.35734057134647,0.8927113965052654,-0.037549707180745164
1787920221.166538,34.802244224003516,87.38,-5.295500241865448,0.8904354712249142,-0.03586822308245517
1787920221.243162,34.87886867301131,87.448,-5.277830967426933,0.8898043303033086,-0.035383596500952234
1787920221.8814917,35.517198225003085,87.822,-5.180643323521713,0.8864850571711301,-0.03277537634504517
1787920221.8942947,35.53000074101146,87.89,-5.162972115802098,0.8859084737401718,-0.03230597296838579
1787920221.904644,35.54035009701329,87.958,-5.145300608949668,0.8853401103294855,-0.03185132589698827
1787920222.0524957,35.688202845005435,88.094,-5.109956508945443,0.884227291836657,-0.030989896626299012
1787920222.1290493,35.76475553600176,88.162,-5.092284032997633,0.8836818368603145,-0.03058519387330779
1787920222.2776494,35.913355502008926,88.298,-5.056938221150391,0.8826117616106677,-0.029865504386095986
1787920222.5614145,36.197121771008824,88.468,-5.01275382729953,0.8813063759998443,-0.029131327575285793
1787920222.8460562,36.48176215001149,88.638,-4.968567784160128,0.8800282515824717,-0.028711820874852256
1787920223.0690446,36.70475173200248,88.808,-4.924380910640867,0.8787620840952532,-0.02859461155071233
1787920223.0829475,36.71865355501359,88.876,-4.9067058326882425,0.8782563390362229,-0.028640451512056655
1787920223.364724,37.000430652013165,89.046,-4.862517154397774,0.8769844957902693,-0.028981642883565927
1787920223.654241,37.28994734000298,89.25,-4.809489878689669,0.8754275518127556,-0.029865389059056537
1787920223.740588,37.376294704008615,89.352,-4.782976215002669,0.8746288314987736,-0.03047160121883961
1787920224.0306485,37.66635479600518,89.556,-4.729949787018757,0.8729757223260156,-0.03205960055316091
1787920224.1818473,37.81755405300646,89.692,-4.694599852548815,0.8718221900197395,-0.033363191897988365
1787920224.3973842,38.0330909040058,89.828,-4.659250441006496,0.8706195401429826,-0.03488687347538286
1787920224.411328,38.04703500001051,89.896,-4.6415761611271344,0.8699971049216543,-0.035713235174325446
1787920224.7641666,38.39987312100129,90.1,-4.588556058111917,0.8680393066248401,-0.03833463165824671
1787920224.777568,38.41327458800515,90.168,-4.570883857720981,0.8673555340717617,-0.03921965836983543
1787920224.920307,38.55601361300796,90.27,-4.5443768975503085,0.8663006785541306,-0.040538595273117636
1787920225.2048614,38.84056761300599,90.44,-4.500202170454578,0.8644654861036161,-0.042705773927569364
1787920225.288122,38.92382823700609,90.542,-4.473699185432545,0.8633186218859509,-0.043998537313112096
1787920225.43874,39.07444621500326,90.678,-4.438364067521452,0.8617360288685962,-0.04574111318290445
1787920225.7953131,39.431019564013695,90.882,-4.385366272710131,0.859247199763925,-0.04829021105869201
1787920225.871162,39.5068681610137,90.95,-4.367701926873463,0.8583880068863489,-0.04909721677065561
1787920225.9550037,39.59071074500389,91.052,-4.341207218741829,0.8570731755667876,-0.050256256079752475
1787920226.730312,40.36601857301139,91.494,-4.2264172507530136,0.8510735618554162,-0.053835053932756526
1787920226.7434337,40.37913968101202,91.562,-4.208759665797553,0.8501201566290251,-0.054070140702764384
1787920226.7555559,40.39126140800363,91.63,-4.191102396566895,0.8491630059699075,-0.05422942756049121
1787920226.766259,40.40196503100742,91.698,-4.173445537627249,0.8482037716554228,-0.054300428675052144
1787920226.8423843,40.4780907210079,91.766,-4.155789263257584,0.8472442969903051,-0.0542631672062865
1787920227.2701523,40.90585915300471,92.038,-4.085167503703928,0.8434400346141294,-0.05299925913315895
1787920227.4183145,41.054020805007895,92.174,-4.049855536064403,0.8415838846737788,-0.05180295815278974
1787920227.562522,41.198228365014074,92.276,-4.023370639877236,0.8402218720749418,-0.05072976707292901
1787920227.6392303,41.274936494010035,92.344,-4.005713494535065,0.8393304784265163,-0.04994060706024775
1787920227.797907,41.43361416000698,92.48,-3.9703972654439057,0.8375908359470711,-0.048242015697205605
1787920227.9494786,41.58518533600727,92.582,-3.9439083406547795,0.8363262690033487,-0.046897870933092584
1787920228.026929,41.66263553099998,92.65,-3.9262484559705304,0.8355033948805143,-0.04597395054253308
1787920228.1787715,41.81447862001369,92.786,-3.890927071674812,0.833908204308886,-0.04400495991229931
1787920228.3239982,41.959704376000445,92.888,-3.864433778532794,0.8327578335830195,-0.04248050386724739
1787920228.748137,42.38384411101288,93.126,-3.802609798684362,0.8302338663587555,-0.03880480843273074
1787920228.7615628,42.3972688960057,93.194,-3.784944105290804,0.8295547571509374,-0.037721765713378944
1787920228.773021,42.408726738009136,93.262,-3.767277747741267,0.8288953030279645,-0.0366182362439066
1787920229.1341057,42.76981171101215,93.5,-3.705440509236342,0.8267390283756121,-0.03282296486899217
1787920229.419321,43.05502787900332,93.67,-3.6612660684332496,0.8253398825397721,-0.03022228730578399
1787920229.4314432,43.06714911700692,93.738,-3.6435952018576643,0.8248123417392325,-0.029189134992035612
1787920229.580945,43.21665132201451,93.874,-3.6082519896572647,0.8238120427560371,-0.02713427211021421
1787920230.2741487,43.90985421600635,94.248,-3.511045770705337,0.8214096587901909,-0.02225144418125292
1787920230.2837315,43.91943684700527,94.316,-3.493370356554829,0.8210210399872249,-0.02149763440010077
1787920230.2919688,43.927674284001114,94.384,-3.475694590809845,0.8206459692758484,-0.02075090505527807
1787920230.2993078,43.935013109003194,94.452,-3.458018591151641,0.8202838403590373,-0.02000713644377815
1787920230.926749,44.562455330000375,94.826,-3.3607958052918816,0.8185256196288044,-0.01603203018691346
1787920230.9421144,44.57782044401392,94.894,-3.343117292455777,0.8182458666540458,-0.015595159223816308
1787920230.9536047,44.58931036600552,94.962,-3.3254355275573424,0.817967062824858,-0.01616166619049978
1787920231.5248287,45.16053470301267,95.302,-3.2370248132659425,0.8163551097072888,-0.02041515471125351
1787920231.5386736,45.17437947400322,95.37,-3.2193412914999047,0.8159841280876711,-0.021956478961034136
1787920232.0317967,45.6675028460013,95.642,-3.1486167413995285,0.8142544539350678,-0.026604647432084207
1787920232.045998,45.68170420000388,95.71,-3.1309385733197055,0.813779647822613,-0.02725031190321859
1787920232.0574934,45.69319950501085,95.778,-3.113261218665324,0.813294527523763,-0.027739269789557063
1787920232.822878,46.458583922008984,96.186,-3.0072010594826954,0.8102195081567485,-0.03113230698318034
1787920232.835871,46.47157675900962,96.254,-2.989523203922657,0.8096606343270148,-0.03243663289164745
1787920232.8480325,46.483738172013545,96.322,-2.9718450495116326,0.8090766006164413,-0.03403655018389916
1787920232.857774,46.493479842014494,96.39,-2.954167261175027,0.8084630532042993,-0.035838266076334814
1787920232.8688345,46.50454077500035,96.458,-2.9364898737850207,0.8078162644794915,-0.03784071663167378
1787920232.9453866,46.58109299300122,96.56,-2.909975460662138,0.806776623462699,-0.04117396642367683
1787920233.4461782,47.08188439901278,96.866,-2.8304537860451697,0.8030847769400832,-0.05234721819870071
1787920233.5290644,47.16477100600605,96.968,-2.8039562591444738,0.801655532799871,-0.05603800989846646
1787920233.6739106,47.30961697301245,97.07,-2.777464665154227,0.8001306972716609,-0.05952681073356044
1787920234.2359939,47.871700022005825,97.376,-2.6980261261716683,0.7950486741618162,-0.06832080082612502
1787920234.24965,47.88535588700324,97.444,-2.680380486940858,0.7938305698795187,-0.06993506675799108
1787920234.2615445,47.89725026700762,97.512,-2.6627372369139186,0.7925843659991204,-0.071444373916054
1787920234.2722962,47.90800197800854,97.58,-2.645096272851596,0.7913125632586412,-0.07282324063820472
1787920234.623549,48.25925493300019,97.784,-2.592185045904201,0.78736547190311,-0.07623484097575559
1787920234.769887,48.40559308300726,97.886,-2.5657352611989275,0.785329999417533,-0.07753344842022611
1787920235.2631245,48.89883097501297,98.158,-2.4952166087996637,0.7797670578126435,-0.07978656962906916
1787920235.2766473,48.91235329500341,98.226,-2.477589806785737,0.7783551839902525,-0.08009153457373623
1787920235.2883024,48.924008408008376,98.294,-2.4599639734200505,0.776939392232689,-0.08026377109878247
1787920235.2983954,48.934101527003804,98.362,-2.4423386533895513,0.7755210817650376,-0.08034268014931185
1787920235.446273,49.08197949100577,98.498,-2.407089013865658,0.7726847921679881,-0.08009156299787219
1787920236.505108,50.14081421100127,99.042,-2.2660791788108345,0.7615642517614231,-0.0768056376745964
1787920236.5220616,50.157767612006865,99.11,-2.2484507717955804,0.7602108938094196,-0.07627668476341355
1787920236.532828,50.16853419301333,99.178,-2.230821701200529,0.7588670741379311,-0.07574071415121311
1787920236.5424073,50.178112774010515,99.246,-2.213191944726773,0.7575325272172562,-0.07520458999360749
1787920236.5512993,50.187004771010834,99.314,-2.1955612793597576,0.7562073578752876,-0.07468097742213221
1787920236.558907,50.19461239500379,99.382,-2.1779297980028485,0.7548915726201875,-0.07417213446876461
1787920236.631111,50.26681721500063,99.45,-2.1602974302741247,0.7535843566508138,-0.07371396883550935
1787920236.987265,50.62297139700968,99.688,-2.0985780098125577,0.7490637825126653,-0.0725413411032383
1787920237.1330996,50.76880552401417,99.79,-2.072125062906851,0.7471439863707877,-0.07231045407870822
1787920237.2793577,50.91506468200532,99.892,-2.045671380342583,0.7452281945497601,-0.07229417227017092
1787920237.4930904,51.12879649300885,100.028,-2.010398326169422,0.7426666051320416,-0.07285462115991381
1787920237.5079694,51.143675449013244,100.096,-1.9927616223651463,0.7413758597682547,-0.07338304472008814
1787920237.7897735,51.425479988000006,100.266,-1.948670979771873,0.7380980770519037,-0.07538853174673059
1787920237.804224,51.43993008500547,100.334,-1.9310355195100666,0.7367588596431678,-0.07649510658863475
1787920238.1648545,51.800560645002406,100.572,-1.8693202392835893,0.7318709330380323,-0.08249073715809707
1787920238.2409446,51.87665087400819,100.64,-1.8516921551863885,0.7303991074171885,-0.08471063985155866
1787920238.5331347,52.16884074600239,100.844,-1.7988254483546047,0.7257205733096441,-0.0928751045195146
1787920238.6843445,52.3200512270123,100.98,-1.7636005776596573,0.722339836698777,-0.09952074729982412
1787920238.9006898,52.536396372001036,101.116,-1.7283971489722225,0.7187097314781632,-0.10716295048155305
1787920238.9179058,52.553612028001226,101.184,-1.7108051301953142,0.7167904745382356,-0.11125892897086907
1787920239.0623055,52.69801226501295,101.286,-1.684431650098314,0.7137734690036921,-0.1177032796959308
1787920239.2116725,52.847378792008385,101.388,-1.65807774530279,0.7105826690883665,-0.12458093517607288
1787920239.2879767,52.92368288800935,101.456,-1.6405210618195578,0.7083530995669965,-0.12935365101653165
1787920239.9266489,53.56235516500601,101.83,-1.5441683879298307,0.69452712527766,-0.1569912268606299
1787920239.9392672,53.574973079012125,101.898,-1.526694309595704,0.6917332185574591,-0.16107665853114136
1787920239.9546866,53.59039508600836,101.966,-1.5092347859286686,0.6888777759885493,-0.16361559229131334
1787920239.9678357,53.60354143900622,102.034,-1.4917848855278077,0.6859861031395105,-0.16505666980857944
1787920240.3326619,53.96836791100213,102.272,-1.4307455113079168,0.6758729722388982,-0.15970220120320147
1787920240.4782147,54.11392100600642,102.374,-1.4045707019288314,0.6717275701684597,-0.15305622521046777
1787920240.8347309,54.47043751500314,102.578,-1.352138849374738,0.6639714313021436,-0.13985475652604004
1787920240.8508742,54.486580635013524,102.646,-1.3346380674709184,0.6615322292110555,-0.13617847777348233
1787920241.072973,54.70867922900652,102.816,-1.29084441759597,0.6556818038600145,-0.129127692963263
1787920241.0869102,54.72261642800004,102.884,-1.273314462193609,0.6534199562009403,-0.1269478959936819
1787920241.3732152,55.00892197700159,103.054,-1.2294676357844043,0.6479111981385447,-0.12288939937816286
1787920241.5974784,55.233184460012126,103.224,-1.185597205858825,0.6425415850354873,-0.12086629418223328
1787920241.610846,55.246551623000414,103.292,-1.1680448573034243,0.6404117400447672,-0.12056513658124948
1787920242.0326035,55.6683095680055,103.53,-1.1066050327393853,0.6329827733545064,-0.12033944453016243
1787920242.047291,55.68299718601338,103.598,-1.0890493033004753,0.6308574681986541,-0.12071223391278768
1787920242.059237,55.69494294500328,103.666,-1.0714940500693564,0.6287247426161915,-0.12120894846425073
1787920242.5569582,56.192664221001905,103.972,-0.9925110913815278,0.619021602219582,-0.12351301096733812
1787920242.6327932,56.26849921300891,104.04,-0.9749618608732401,0.616838062584359,-0.12424823577956405
1787920242.9197266,56.55543301900616,104.244,-0.9223239448413211,0.6102189023473669,-0.12592775385235722
1787920242.9337747,56.56948058800481,104.312,-0.9047801975170104,0.6079945291201937,-0.1264636544054809
1787920242.94578,56.58148560900008,104.38,-0.8872371696151681,0.6057596494265421,-0.12710810397477573
1787920243.0901592,56.72586500800389,104.482,-0.8609254741757585,0.6023866106233474,-0.12800123125466992
1787920243.454881,57.09058689000085,104.686,-0.8083138344930854,0.5955904289626036,-0.12878176446232167
1787920243.4744596,57.110165413003415,104.754,-0.790778479374155,0.5933193263122869,-0.1287670289606567
1787920244.3233867,57.95909294200828,105.23,-0.6680210642356795,0.5775229877433153,-0.12662770527843573
1787920244.3368423,57.97254792500462,105.298,-0.650481477170406,0.5752932287069745,-0.12608677064888654
1787920244.3466969,57.98240277700825,105.366,-0.6329412479015957,0.5730732955406181,-0.12549741317079155
1787920244.3558533,57.99155889201211,105.434,-0.6153999915597651,0.5708645912232808,-0.12484650038294232
1787920244.3639255,57.9996309660055,105.502,-0.5978574699963177,0.568667536929114,-0.12414712224392825
1787920244.370588,58.00629394501448,105.57,-0.5803134648700271,0.5664828251250666,-0.123393312277432
1787920244.723621,58.3593269730045,105.774,-0.5276714292836879,0.5600150427319747,-0.12078447870003238
1787920245.289559,58.92526539400569,106.08,-0.4486751676677771,0.5505977297681625,-0.11610773337644441
1787920245.3029869,58.938692980009364,106.148,-0.43111490919202755,0.5485568551433074,-0.11497867216860637
1787920245.3832245,59.01893063400348,106.25,-0.4047708994120791,0.5455333387967712,-0.11320376616478935
1787920246.0905435,59.72624980600085,106.658,-0.29934052363962305,0.5339389370893765,-0.10527688821128116
1787920246.1044083,59.740114136002376,106.726,-0.28175981364598546,0.5320902599493462,-0.10384277949562173
1787920246.1159465,59.75165265800024,106.794,-0.2641768791834664,0.5302680611350659,-0.10219260202581235
1787920246.1258981,59.761604187006014,106.862,-0.24659217082344767,0.5284776788506538,-0.1001058131995184
1787920246.2755775,59.911283863009885,106.998,-0.21141527349535189,0.52502577852659,-0.09451940969194696
1787920246.4225535,60.05825978300709,107.1,-0.18502275984520805,0.5225783514833764,-0.08940430171585126
1787920246.7036588,60.33936481800629,107.27,-0.14101117819050976,0.5188244522962143,-0.07941784963435251
1787920246.9167526,60.552459669008385,107.406,-0.10577774267470554,0.5161548111544846,-0.07059093020071651
1787920246.930315,60.566021186008584,107.474,-0.08815280240469558,0.5149377873605833,-0.06607162649260138
1787920247.2127163,60.84842262500024,107.644,-0.044067798372336785,0.512244693978992,-0.05477008235493028
1787920247.5037868,61.1394928600057,107.848,0.00887038100544298,0.5096619222191782,-0.04168921347221315
1787920247.5857105,61.22141708001436,107.95,0.035352203477466815,0.5086251775694687,-0.035502358791369676
1787920247.7360961,61.371802365014446,108.086,0.07067104640395784,0.5074940825580221,-0.027544309964179697
1787920248.0193737,61.655079994001426,108.256,0.11483229325425301,0.5064622533569302,-0.018297956119441697
1787920248.239694,61.87540002600872,108.426,0.1590040017016176,0.5058239466425397,-0.009861219868053519
1787920248.254522,61.89022806100547,108.494,0.17667485015190512,0.5056699824866534,-0.006759527269230586
1787920248.548648,62.18435457200394,108.664,0.22085500434387287,0.5055162556291944,0.0004321360895012082
1787920248.6345537,62.270259655007976,108.766,0.24736449287284673,0.505571786864362,0.0044126431797674925
1787920248.8599102,62.49561699600599,108.936,0.29154825203658813,0.5058884248330507,0.010389760736502988
1787920249.36384,62.99954686300771,109.242,0.3710782734193308,0.5070623120999622,0.019251082157303357
1787920249.3775613,63.0132670130115,109.31,0.388751252311632,0.5074134492841265,0.020902079410869173
1787920249.3891459,63.024851611000486,109.378,0.4064239528937308,0.5077932691735978,0.022479124577995127
1787920250.0243917,63.660098347012536,109.718,0.4947829524506328,0.5100690139832352,0.02902241743711898
1787920250.0380638,63.67377003200818,109.786,0.5124536634936341,0.5105893276266582,0.030121115420882527
1787920250.0504808,63.686186558014015,109.854,0.5301240537111701,0.5111283029348636,0.031120255660091845
1787920250.1300418,63.76574793200416,109.956,0.5566291270822868,0.5119685932154894,0.03248832157347898
1787920250.491034,64.12674034900556,110.194,0.6184725958880902,0.5140565836651863,0.035076730138838635
1787920250.703755,64.33946101101174,110.33,0.6538107302568853,0.515314517091793,0.03621771904167615
1787920250.7173026,64.35300841800927,110.398,0.6714793942264584,0.5159579695946268,0.03671682836243334
1787920251.1379778,64.77368382400891,110.636,0.7333191341701506,0.5182718710316018,0.03809493993024145
1787920251.151966,64.78767237800639,110.704,0.7509872629214104,0.5189468839324318,0.038375254993671164
1787920251.163549,64.79925466100394,110.772,0.7686553977330022,0.5196266958052942,0.038600359192377386
1787920251.3072321,64.94293833100528,110.874,0.7951576316935912,0.5206533154728769,0.03885780806662247
1787920251.6619806,65.29768666101154,111.078,0.848163398951797,0.5227207206097387,0.039101457138112077
1787920251.6751697,65.31087587100046,111.146,0.8658321176132977,0.5234121483855695,0.039104698375420244
1787920252.0312948,65.66700092100655,111.384,0.9276733385222324,0.5258257809230144,0.038867552652473714
1787920252.0440683,65.67977447500743,111.452,0.9453425765888541,0.5265121374142879,0.038742405694496995
1787920252.820059,66.45576558700122,111.894,1.060198054098393,0.5308925888909443,0.03730404512463631
1787920252.8332114,66.46891717800463,111.962,1.0778690418894605,0.5315500530754071,0.037024152352240214
1787920252.8449523,66.48065835300076,112.03,1.095540247135491,0.5322025862140172,0.036731368496520214
1787920252.8556688,66.49137442201027,112.098,1.1132116585078684,0.532849835261074,0.03641625543441223
1787920252.9289515,66.56465797401324,112.166,1.1308833263048683,0.5334911989965295,0.036085181905723546
1787920253.4233963,67.05910267701256,112.472,1.210409130941285,0.5362994071761366,0.03436158080206978
1787920253.6367855,67.27249082100752,112.608,1.2457560191713268,0.5375009964543397,0.033498832306665303
1787920253.644321,67.28002641101193,112.676,1.2634299094443184,0.5380901134649235,0.03305639257380009
1787920254.4086,68.04430595001031,113.084,1.3694790900951999,0.5414588653917322,0.030314437401776483
1787920254.4212203,68.05692629101395,113.152,1.3871547283729682,0.5419915802419083,0.02983973835702919
1787920254.4321806,68.06788649100054,113.22,1.404830715850448,0.5425155660566974,0.02935950109662831
1787920254.445067,68.08077296000556,113.288,1.422506894609039,0.5430312628482715,0.028869795088230947
1787920254.4545882,68.09029400000873,113.356,1.4401834369881519,0.5435386511325181,0.028374542932809544
1787920254.602471,68.23817737700301,113.492,1.4755377577309705,0.5445261177085271,0.02737470294040977
1787920255.1087573,68.74446369901125,113.764,1.5462483153761295,0.5463967051446086,0.025435126168894377
1787920255.1227353,68.75844158000837,113.832,1.563926366873934,0.5468431135226476,0.024958552842966244
1787920255.134144,68.76984977500979,113.9,1.5816047493382932,0.5472814345683413,0.024481066771018276
1787920255.208049,68.8437553820113,113.968,1.5992834293265672,0.5477111153349562,0.024000181828790983
1787920256.0520632,69.6877699290053,114.41,1.714199345313092,0.5502963147255079,0.020885094118015333
1787920256.0656068,69.7013130710111,114.478,1.731879371507123,0.5506624194482717,0.020409552514394063
1787920256.0764575,69.71216314400954,114.546,1.749559501632856,0.5510201886225091,0.019934913415977393
1787920256.0863073,69.72201291000238,114.614,1.7672397539989007,0.5513693179598664,0.019462296590468515
1787920256.0954032,69.73110898000596,114.682,1.7849201848446288,0.5517101430060335,0.018989861678495774
1787920256.2369568,69.87266307001119,114.784,1.8114412600056533,0.5522058332079762,0.018268459552909608
1787920256.382408,70.0181141810026,114.886,1.837962727382475,0.5526820882705487,0.01752860471013638
1787920256.5270336,70.16274004100705,114.988,1.864484621018425,0.5531383327463938,0.01676704985019132
1787920256.811627,70.44733322800312,115.158,1.9086889656874217,0.5538528617683608,0.015418655750759735
1787920256.9653063,70.60101271800522,115.294,1.9440534030092287,0.554380533875933,0.014284294299994034
1787920257.0437245,70.6794307550008,115.362,1.9617358441646329,0.5546290822150816,0.0136983539223918
1787920257.1946192,70.83032556400576,115.498,1.9971012838930093,0.5550945855450158,0.01245689113155188
1787920257.4084215,71.04412801400758,115.634,2.0324677469104295,0.5555139776918868,0.01107855436989772
1787920257.7826898,71.41839652300405,115.872,2.09436201454011,0.556120946367451,0.008268768644688456
1787920257.7970378,71.43274400400696,115.94,2.1120467497952533,0.5562612372745523,0.0073748116596323065
1787920257.947473,71.5831795020058,116.076,2.1474168770334208,0.5564928665383136,0.005451284887604041
1787920258.2314768,71.8671831380052,116.246,2.1916312077133724,0.5566804946918157,0.0027143693882824434
1787920258.5203717,72.15607812200324,116.45,2.2446907112075505,0.5567348733037566,-0.0010666025759994342
1787920258.8912075,72.52691374100687,116.688,2.3065950820453116,0.5565261727807568,-0.006113219036880104
1787920258.9049602,72.54066620700178,116.756,2.3242820785887712,0.5564077639032156,-0.007629855051013368
1787920258.91731,72.55301607701404,116.824,2.3419688880302334,0.5562626913780967,-0.009161615564918976
1787920258.9278276,72.56353361801303,116.892,2.3596554269463046,0.5560905532312165,-0.010682710246111672
1787920259.414697,73.05040340700361,117.164,2.430397356257557,0.5551413420333169,-0.01636487939139391
1787920259.916097,73.55180330900475,117.47,2.5099701252013267,0.5536377821195946,-0.02138066389591926
1787920259.9285448,73.56425055200816,117.538,2.5276498705211994,0.5532556985521984,-0.021821211061965464
1787920259.940566,73.57627186200989,117.606,2.545327627173318,0.5528696294789919,-0.02174717364960492
1787920259.9509864,73.58669250400271,117.674,2.563003025201677,0.5524900805398069,-0.020874436278000476
1787920260.0313528,73.66705899500812,117.742,2.580676075085833,0.5521312085082556,-0.019211262986679314
1787920260.8077166,74.4434231500054,118.184,2.6955268922899207,0.5510259202836827,0.0029551292057311104
1787920260.8212945,74.4570006730064,118.252,2.7131952624054283,0.5511041777043076,0.006897034747430715
1787920260.832844,74.46854963801161,118.32,2.730863632528086,0.551251299620391,0.010752008702637032
1787920260.8427002,74.4784058540099,118.388,2.748531762596163,0.5514654740145146,0.014466069864411454
1787920260.9155807,74.55128678900655,118.456,2.766199445035627,0.5517444119277536,0.018022689237175205
1787920261.2031446,74.83885046500654,118.66,2.819199044796125,0.5529389669649281,0.027516093224020637
1787920262.0491118,75.68481827501091,119.136,2.942841327360263,0.5573448182157391,0.042815512231136735
1787920262.0627902,75.6984962120041,119.204,2.960501935952393,0.5581112065279262,0.04427894575374267
1787920262.0751998,75.71090551000088,119.272,2.978161773232754,0.5589026310866767,0.0456249049958716
1787920262.085768,75.72147360201052,119.34,2.9958208299296603,0.5597171373074831,0.046862919140078375
1787920262.1641665,75.79987290600548,119.442,3.0223079059322138,0.560977923134605,0.04854157004529996
1787920262.319102,75.95480782601226,119.578,3.0576223749803297,0.5627235514193852,0.05041978265452561
1787920262.6717923,76.30749937001383,119.782,3.110591086594117,0.565452313142841,0.052580790697491185
1787920262.7475924,76.38329841100494,119.85,3.1282468513456485,0.566384956417706,0.05310470205869617
1787920262.968965,76.60467132400663,120.02,3.1723858034820394,0.5687511017115064,0.05404246997424804
1787920262.9815238,76.61722961900523,120.088,3.190041087081346,0.5697078661716215,0.054317280326245
1787920263.1255863,76.7612922230037,120.19,3.2165239873449063,0.5711508865492088,0.05459774366585967
1787920263.4073012,77.04300727100053,120.36,3.2606626236704774,0.5735662249698874,0.05468482516417648
1787920263.6987154,77.33442173700314,120.564,3.3136316360442364,0.5764566726424544,0.0542332294092296
1787920263.7813318,77.41703765500279,120.666,3.3401174558993705,0.5778901378036774,0.05386256546830481
1787920264.0028424,77.63854940600868,120.836,3.3842623561463405,0.5802554723498656,0.053099444751649835
1787920264.224107,77.8598134060012,121.006,3.428409654006897,0.5825825223836318,0.05210248463590974
1787920264.237467,77.87317334000545,121.074,3.4460694389924003,0.5835002824165637,0.051630377518840274
1787920264.3793645,78.01507029001368,121.176,3.472560290979889,0.5848607496076678,0.05086008707906
1787920264.659403,78.29510903800838,121.346,3.5167146675743153,0.5870803421986382,0.04945039697127763
1787920264.8103495,78.44605595100438,121.482,3.5520408181048664,0.5888099127902919,0.04824445939214387
1787920265.0969343,78.73264118100633,121.652,3.596202023713811,0.5909099882242964,0.04664372891466266
1787920265.1786122,78.81431789600174,121.754,3.6227003235446418,0.5921356610303269,0.04565151509846459
1787920265.3280494,78.96375572800753,121.89,3.6580330317884298,0.5937289847704806,0.04430396820762373
1787920265.6102808,79.24598688400874,122.06,3.702202193263956,0.5956519106721527,0.0425459516175228
1787920265.761246,79.39695183301228,122.196,3.737540799007099,0.5971333348281144,0.041069113838927106
1787920265.8359442,79.4716501970106,122.264,3.755210942261199,0.597854196318707,0.04031493852625322
1787920265.9899209,79.62562695100496,122.4,3.7905527120019675,0.5992559997499929,0.03878938944848315
1787920266.2022872,79.83799358400574,122.536,3.82589656379424,0.600603655521512,0.037258843828657996
1787920266.5774434,80.2131491570035,122.774,3.887752806155464,0.602833088260656,0.034622427203196936
1787920266.598417,80.23412299800839,122.842,3.9054270513915808,0.6034400771334667,0.033871835634370594
1787920266.815331,80.45103759600897,123.012,3.9496145706118537,0.6049001705623954,0.032031330773181356
1787920266.8309844,80.4666907100036,123.08,3.9672903858902484,0.6054616621962816,0.03130314595968497
1787920266.9764414,80.61214740600553,123.182,3.993804790559656,0.6062795842647597,0.030221279777404
1787920267.3978236,81.03352955001174,123.42,4.0556743739884435,0.608078879209601,0.02778567969917159
1787920267.4113674,81.0470735560084,123.488,4.073352085754028,0.6085654871414361,0.027104226891757604
1787920267.6939247,81.32963061101327,123.658,4.117547821535173,0.6097298332018756,0.025429626263687395
1787920267.7780824,81.41378857901145,123.76,4.144066129732419,0.6103933255518063,0.02445349847426181
1787920268.207785,81.84349129900511,124.032,4.214784333008733,0.6120378228569542,0.021917252037294783
1787920268.2220652,81.85777111300558,124.1,4.232464489040906,0.6124211764101075,0.0213103235289045
1787920268.5014575,82.13716380500409,124.27,4.276665483109759,0.6133333306081485,0.01982347386378403
1787920268.5141606,82.14986670301005,124.338,4.294346126901897,0.6136798554194369,0.019236990075957618
1787920268.6636117,82.29931789600232,124.474,4.329708113777953,0.6143417483560203,0.01808360289202797
1787920268.808427,82.44413327600341,124.576,4.35623014540498,0.6148122881458898,0.01725546459636141
1787920268.9528737,82.58857999100292,124.678,4.382752302557396,0.6152609319416301,0.016467975472117247
1787920269.1003084,82.73601452801086,124.78,4.4092747082178,0.6156889094811228,0.01571910223565578
1787920269.175945,82.81165131500165,124.848,4.426956255824361,0.6159638030286483,0.015240891236550617
1787920269.3283691,82.96407569201256,124.984,4.462319831376326,0.6164881502128607,0.014299746735638745
1787920269.4755397,83.11124605601071,125.086,4.488842767471237,0.6168594809643247,0.013628074716068257
1787920269.7594373,83.3951434380142,125.256,4.5330480750063025,0.6174402701184414,0.012544928795605585
1787920269.8428252,83.47853206700529,125.358,4.559571352086591,0.6177655356983005,0.011920643056130465
1787920270.0051112,83.64081752600032,125.494,4.594935940713093,0.6181748727122818,0.01113989088677809
1787920270.2966394,83.93234584601305,125.664,4.639141958228687,0.6186483075880991,0.010218914172899343
1787920270.3778293,84.01353532700159,125.766,4.6656657691100705,0.6189134457894403,0.009678598397374215
1787920270.595937,84.23164328100393,125.936,4.709872288227769,0.619322836263087,0.008775813008148076
1787920270.7476935,84.38340092200087,126.072,4.745237658070017,0.6196221745237595,0.008068528663326587
1787920270.8935103,84.52921651401266,126.174,4.771761842248913,0.6198300688486359,0.007545278617034279
1787920271.0388992,84.67460547100927,126.276,4.798286250713549,0.6200243226156832,0.007026495325467558
1787920271.2562861,84.891992527002,126.412,4.833651883175299,0.6202619664706261,0.006346853768068415
1787920271.2702053,84.90591120099998,126.48,4.8513348293777,0.6203718434490962,0.006014752493741848
1787920272.1922903,85.8279964520043,126.956,4.975116307581613,0.6209803035991375,0.0037025851479218852
1787920272.20586,85.84156566300953,127.024,4.992799534865245,0.6210431024675994,0.0033376949796715292
1787920272.217242,85.85294796500239,127.092,5.010482872498204,0.6210994080250952,0.0029597185432236103
1787920272.2278197,85.86352550900483,127.16,5.028166100678062,0.6211492866482703,0.002573569908199848
1787920272.2381787,85.87388457400084,127.228,5.045849548707129,0.6211921724372556,0.0021761450712139995
1787920272.2493494,85.88505490300304,127.296,5.063533098242635,0.6212277446382651,0.0017677324446936263
1787920272.740041,86.37574740601121,127.568,5.134268314123873,0.6212910417239569,-0.00014645170394020796
1787920272.8848722,86.5205783190031,127.67,5.160794122512115,0.6212778824577588,-0.0009661657356167007
1787920273.032005,86.66771185700782,127.772,5.187320250104675,0.621242717685241,-0.0018369793061545194
1787920273.0452213,86.68092751801305,127.84,5.205004578148013,0.6212060540780594,-0.002464579318016865
1787920273.472304,87.10801086701395,128.112,5.275741682060373,0.6209442272566348,-0.0051575173392124545
1787920273.4859753,87.12168125901371,128.18,5.293426147775211,0.6208480227731664,-0.005893328589422234
1787920273.4976003,87.13330622900685,128.248,5.3111106801364505,0.6207383814212387,-0.00666201087830113
1787920274.1316657,87.76737222800148,128.622,5.408374527557093,0.6198773691461611,-0.011355876765741783
1787920274.1469698,87.7826756380091,128.69,5.426058527807769,0.6196707592036893,-0.012255733879466124
1787920274.290297,87.92600325201056,128.792,5.452584176125012,0.619330962646085,-0.013582930800059116
1787920274.6436584,88.27936476000468,128.996,5.50563349201102,0.6185470610770215,-0.016150569718271068
1787920274.6574624,88.29316807200667,129.064,5.523316071164967,0.6182558693630044,-0.016983026861101057
1787920274.803839,88.43954488901363,129.2,5.558680490396313,0.6176301324522508,-0.018576489095565845
1787920275.155673,88.7913796690118,129.404,5.611723999687198,0.6165908018687625,-0.020723994488794296
1787920275.1686792,88.80438538800809,129.472,5.629404368029165,0.6162197303688838,-0.02138034734175567
1787920275.314027,88.94973291001224,129.574,5.655924437016834,0.6156423659579784,-0.022293633405840143
1787920275.3899276,89.02563386500697,129.642,5.673604081651158,0.6152442659179157,-0.022858074573669424
1787920275.8868637,89.52257003101113,129.948,5.753158272890933,0.6133411861141593,-0.024940326889174972
1787920275.9002082,89.5359139140055,130.016,5.770835940547632,0.6128977554502076,-0.025261650667822568
1787920275.9113283,89.54703416700067,130.084,5.788513233541991,0.6124491323335426,-0.0255376927540578
1787920276.4012444,90.03695066300861,130.356,5.859220277343495,0.610617216379479,-0.026172132816097506
1787920276.7642875,90.39999378001085,130.594,5.921086392663214,0.6089955834543678,-0.026151485760869942
1787920276.7801304,90.41583711100975,130.662,5.938762289971362,0.608533579009851,-0.02608051229460823
1787920276.7908297,90.42653519500163,130.73,5.956437975628158,0.6080735607072421,-0.025913476711754833
1787920276.799922,90.4356274830061,130.798,5.974113415656735,0.6076168622022496,-0.025633448479041674
1787920277.0812962,90.7170025180094,130.968,6.018299466308058,0.6065113925634874,-0.02403085982162004
1787920277.2291353,90.8648414890049,131.07,6.044810743137109,0.6058881299166846,-0.02272204345156997
1787920277.3748207,91.01052697100386,131.172,6.071322774992866,0.6053004877608338,-0.02135697049667227
1787920277.4506373,91.08634331201029,131.24,6.088998031214398,0.6049283543130656,-0.020498133283799375
1787920277.6019206,91.23762671400618,131.376,6.124350182075488,0.604227812520727,-0.018989795442382922
1787920277.7462525,91.38195871900825,131.478,6.150865953667631,0.6037333568326241,-0.01819180566883496
1787920277.8902893,91.52599553800246,131.58,6.17738318407628,0.6032560250913357,-0.017761937791988744
1787920278.173847,91.80955350901058,131.75,6.221581509266656,0.6024736280779035,-0.017749758421855482
1787920278.2586846,91.89439080801094,131.852,6.248101750468116,0.601999104044115,-0.018138508772224126
1787920278.4109688,92.04667490601423,131.988,6.28346276246834,0.6013442953527813,-0.019039999440004576
1787920278.5558727,92.19157916901167,132.09,6.309983951302353,0.6008294827541927,-0.01993830959509688
1787920278.772908,92.40861406800104,132.226,6.345346300163336,0.6001012743714782,-0.021534854005640237
1787920278.7858827,92.42158862801443,132.294,6.363027695461269,0.5997136150095299,-0.022559200682198403
1787920279.2030044,92.83871089000604,132.532,6.4249115432286485,0.5981951920053158,-0.027037113198939765
1787920279.2155464,92.85125239701301,132.6,6.442592037454895,0.5977071472324015,-0.028538369332464536
1787920279.4306347,93.066341045007,132.736,6.477951383556161,0.5966485507697754,-0.0317648907086344
1787920279.8678882,93.50359470701369,133.008,6.5486597340190436,0.5941782547681208,-0.03851622635457628
1787920279.880846,93.51655207001022,133.076,6.566334013405586,0.5934860853568602,-0.04017172246612387
1787920280.0916247,93.7273304600094,133.212,6.601678807412171,0.5920153446788574,-0.04337737448867115
1787920280.1006799,93.73638545400172,133.28,6.6193490321850215,0.5912382991898799,-0.04489746185015821
1787920280.2430227,93.878728598007,133.382,6.6458518063545675,0.5900234318018885,-0.0470711447278467
1787920280.53087,94.16657600700273,133.552,6.690017086631925,0.5878705311781127,-0.050749777257950164
1787920280.8927414,94.52844761600136,133.79,6.751835936052771,0.5845687822210843,-0.056504526352315655
1787920280.9079123,94.54361958200752,133.858,6.769495263373526,0.583558356727606,-0.05827943807703791
1787920281.1965003,94.83220683700347,134.062,6.822462624879871,0.58033661409933,-0.06375287100758202
1787920281.7084029,95.34410934400512,134.368,6.901879837655753,0.5749142070305834,-0.0736097937777598
1787920281.7213788,95.35708502901252,134.436,6.919521905267853,0.5735957338160189,-0.07632131205847234
1787920281.732915,95.3686207740102,134.504,6.937160773931011,0.5722284526556438,-0.07917652259134136
1787920281.7456753,95.38138102700759,134.572,6.9547960177836154,0.5708098023129102,-0.08214884695585353
1787920281.8227167,95.4584238850075,134.64,6.972427357938485,0.5693377208192296,-0.08524906743713444
1787920282.3202806,95.95598701501149,134.946,7.051709631867151,0.5619971505834801,-0.10074993175870821
1787920282.6137908,96.24949673800438,135.15,7.10449634344885,0.5563839713130562,-0.11232302280307604
1787920282.6269226,96.26262831701024,135.218,7.122077550529327,0.5543740857016575,-0.11639919629296684
1787920282.6388073,96.27451345601003,135.286,7.139650751945181,0.5522919133167988,-0.12058809588060522
1787920282.7829986,96.41870489400753,135.388,7.1659942294741485,0.5490296068819499,-0.12703864006871265
1787920283.4837625,97.11946867201186,135.762,7.262390588527015,0.5355530329321869,-0.15247028548245287
1787920283.4974728,97.13317852301407,135.83,7.279878192014539,0.5328337327906748,-0.15733775408039116
1787920283.5079012,97.14360685901192,135.898,7.297352868628302,0.5300284483494548,-0.16241588940500817
1787920283.5173995,97.15310563900857,135.966,7.314813919691935,0.5271320444242774,-0.1678832316097994
1787920283.5958652,97.23157174000517,136.068,7.340976351014522,0.5226012172951838,-0.17674078849507086
1787920284.2946641,97.93037053200533,136.442,7.436532163692292,0.5039854244604498,-0.20873240450519487
1787920284.311193,97.94689936400391,136.51,7.453838970349363,0.5002865998419354,-0.2136792950597658
1787920284.3252835,97.960989625004,136.578,7.471126588195249,0.49650415399416115,-0.21837399033693747
1787920284.6862433,98.32194974900631,136.782,7.522882684040365,0.48470354825783907,-0.2306130613553476
1787920284.7622774,98.39798353100196,136.85,7.540102163546435,0.48063727877501083,-0.23407174150087365
1787920284.8472188,98.4829249970062,136.952,7.565904303406097,0.4744324950761945,-0.23862789534435375
1787920285.00033,98.63603635301115,137.088,7.600263372754476,0.4659910885039863,-0.24367808677944236
1787920285.422865,99.0585716140049,137.326,7.660293137387946,0.4508485239703117,-0.2507893545814188
1787920285.4358096,99.07151558200712,137.394,7.677424180871306,0.44644776235942335,-0.25259407360557895
1787920285.4465835,99.08228939100809,137.462,7.694547167706833,0.4420160218829225,-0.2543698745051812
1787920285.8036678,99.43937385600293,137.7,7.754416345551509,0.4262635471121826,-0.26076622290428186
1787920285.8789032,99.51460992700595,137.768,7.771503576071042,0.42169065292179153,-0.26273903515928476
1787920286.0246832,99.66038946500339,137.87,7.7971175795492655,0.4147658905006341,-0.2658948826462327
1787920286.45097,100.08667607800453,138.108,7.856784354477368,0.3982759734692821,-0.2742321410732987
1787920286.4646416,100.10034728600294,138.176,7.873773053938711,0.39347906120128684,-0.27684936888637757
1787920286.5411472,100.17685348700616,138.244,7.8907213551322135,0.3886447662155018,-0.2795717707803038
1787920286.6926372,100.32834392500808,138.38,7.924398385652778,0.3788868237885896,-0.2853606118374454
1787920286.838547,100.47425344301155,138.482,7.949419936943693,0.37149392527031544,-0.29010195549115164
1787920287.0529187,100.68862506801088,138.618,7.982437716434784,0.36153152335743616,-0.2970134827522827
1787920287.0667493,100.70245586700912,138.686,7.998828637232422,0.3564905694361653,-0.3007099992802937
1787920287.3482132,100.98391970300872,138.856,8.039288500521266,0.3437514839441923,-0.31057826427884166
1787920287.4309504,101.06665685301414,138.958,8.063155129249687,0.3360226181457744,-0.31695035557484924
1787920288.4111602,102.04686638400017,139.502,8.183644360090483,0.2940822622193209,-0.3514859993460385
1787920288.4244056,102.06011126100202,139.57,8.197287595023123,0.2890798138102627,-0.35081038668488834
1787920288.4356623,102.07136799801083,139.638,8.210694340852386,0.28418377367803854,-0.34833592172863925
1787920288.446073,102.08177867901395,139.706,8.223665005092384,0.2794985957069987,-0.3429334089303029
1787920288.455271,102.09097663300054,139.774,8.236282354831863,0.27503189431948577,-0.3353777793285393
1787920288.463325,102.09903054700408,139.842,8.248693417802787,0.27075096995431774,-0.3257981239955627
1787920289.3026762,102.93838237100863,140.318,8.32761282278523,0.24732110021954473,-0.24077828248690294
1787920289.3160617,102.95176763100608,140.386,8.337548079251649,0.24493042270775056,-0.22733263845372223
1787920289.333058,102.96876360400347,140.488,8.351482027100653,0.2418207669189797,-0.20743016846593532
1787920290.0391433,103.67484954600513,140.862,8.395689727668698,0.23393191294825091,-0.14077265829328928
1787920290.0588,103.69450653700915,140.964,8.405734496743523,0.23257011340351721,-0.12538210301306169
1787920290.0801382,103.7158443100052,141.1,8.4181073349271,0.23110808634070384,-0.10676651782557796
1787920290.780915,104.41662133700447,141.474,8.445329455531162,0.22867945459745187,-0.0702610386451322
1787920290.8778017,104.51350813300814,141.644,8.455495253235247,0.22801345453230767,-0.05909214106295008
1787920291.2542639,104.88997017600923,141.916,8.469608027441513,0.2272677108547884,-0.04540387435711716
1787920291.6894996,105.3252064010012,142.222,8.482801084465935,0.22673633396224804,-0.03426409020647674
1787920292.346792,105.98249804601073,142.732,8.499602643718042,0.2262578737558296,-0.0223772686009105
1787920292.803575,106.43928110800334,143.14,8.509630010410362,0.22606036025750056,-0.01659671031280638
1787920293.6927686,107.32847480100463,143.786,8.521112210080856,0.22589939953702173,-0.011389874171095974
1787920294.8913229,108.52702918701107,144.704,8.53126750051343,0.225800401711717,-0.008092870803509627
1787920297.3327968,110.96850287400594,146.778,8.541344578643281,0.2257291862535946,-0.006039103868979516
1787920308.0688903,121.70459647401003,154.768,8.52397292116725,0.22580921798700251,-0.00431291580931151
1787920309.5802078,123.21591430901026,156.196,8.513098027469734,0.22585889274931123,-0.004814260594580917
1787920317.8821735,131.51787917900947,162.758,8.503092022293242,0.22591078938435566,-0.005578407596547623
1787920392.7035458,206.3392519550107,221.272,8.524586851668357,0.22607588925244718,0.04665445678836778
1787920393.3824582,207.0181642200041,221.85,8.534554307110565,0.22701152447695144,0.1654452579407581
1787920396.368034,210.00374032600666,224.128,8.533828615349826,0.20309060282615957,1.5988424519594915
1787920396.6656404,210.30134719901253,224.366,8.53383692648516,0.176551692183744,1.5379286489696862
1787920396.685952,210.32165802000964,224.468,8.533269628132208,0.16443795668310696,1.5056450023904455
1787920396.9699411,210.60564763600996,224.638,8.531376679172503,0.1443493255705694,1.4416209034108787
1787920397.1200316,210.75573806100874,224.774,8.528869707765809,0.12842533385650184,1.3819595810859273
1787920397.67928,211.31498647900298,225.08,8.519647882279891,0.09386691956844406,1.2317726551461745
1787920397.698099,211.3338049560116,225.182,8.515484444935769,0.08283055093770625,1.1886089177776191
1787920397.713998,211.34970387400244,225.284,8.511081279689408,0.07254524655453441,1.1385983425982904
1787920398.0663128,211.70201905800786,225.488,8.50163833219278,0.054552103232910064,1.0301111239984828
1787920398.7027416,212.33844748401316,225.862,8.484796801736866,0.03141027168336932,0.8406141059064918
1787920398.870603,212.5063095420046,226.1,8.47543466399796,0.022148102213750444,0.7157425336128292
